nome,sigla,sigla_superior,unidade_organizacional,total_servidores
INSTITUTO FEDERAL DA PARAIBA,IFPB,NAO INFORMADO,NAO INFORMADO,2490
REITORIA DO IFPB,REITORIA,IFPB,REITORIA,2490
GABINETE-REITORIA - REITORIA,GAB-RE,REITORIA,REITORIA,9
PRÓ-REITORIA DE ENSINO,PRE-RE,REITORIA,REITORIA,59
PRÓ-REITORIA DE EXTENSÃO E CULTURA,PROEXC-RE,REITORIA,REITORIA,14
"PRÓ-REITORIA PESQUISA, INOVAÇÃO PÓS-GRADUAÇÃO - REITORIA",PRPIPG-RE,REITORIA,REITORIA,16
PRÓ-REITORIA DE ADMINISTRAÇÃO E FINANÇAS,PRAF-RE,REITORIA,REITORIA,54
AUDITORIA INTERNA GERAL - REITORIA,AUDI-GE-RE,REITORIA,REITORIA,7
PROCURADORIA FEDERAL - REITORIA,PF-RE,REITORIA,REITORIA,6
CAMPUS JOAO PESSOA,CAMPUS-JP,REITORIA,CAMPUS JOÃO PESSOA,637
CAMPUS CAMPINA GRANDE,CAMPUS-CG,REITORIA,CAMPUS CAMPINA GRANDE,260
GABINETE - CAMPUS CAMPINA GRANDE,GAB-CG,DG-CG,CAMPUS CAMPINA GRANDE,1
DIRETORIA DE DESENVOLVIMENTO DO ENSINO DO CAMPUS CAMPINA GRANDE,DDE-CG,DG-CG,CAMPUS CAMPINA GRANDE,216
"DIRETORIA DE ADMINISTRAÇÃO, PLANEJAMENTO E FINANÇAS DO CAMPUS  CAMPINA GRANDE",DAPF-CG,DG-CG,CAMPUS CAMPINA GRANDE,22
CAMPUS SOUSA,CAMPUS-SS,REITORIA,CAMPUS SOUSA,197
GABINETE-CAMPUS SOUSA,GAB-SS,DG-SS,CAMPUS SOUSA,5
DIRETORIA DE DESENVOLVIMENTO DO ENSINO DO CAMPUS SOUSA,DDE-SS,DG-SS,CAMPUS SOUSA,158
"DIRETORIA  DE ADMINISTRAÇÃO, PLANEJAMENTO E FINANÇAS DO CAMPUS SOUSA",DAP-SS,DG-SS,CAMPUS SOUSA,31
CAMPUS CABEDELO,CAMPUS-CB,REITORIA,CAMPUS CABEDELO,120
GABINETE DA DIREÇÃO GERAL DO CAMPUS CABEDELO,GAB-CB,DG-CB,CAMPUS CABEDELO,1
DIRETORIA DE DESENVOLVIMENTO DO ENSINO DO CAMPUS CABEDELO,DDE-CB,DG-CB,CAMPUS CABEDELO,102
"DIRETORIA DE ADMINISTRAÇÃO, PLANEJAMENTO E FINANÇAS DO CAMPUS CABEDELO",DAPF-CB,DG-CB,CAMPUS CABEDELO,11
CAMPUS CAJAZEIRAS,CAMPUS-CZ,REITORIA,CAMPUS CAJAZEIRAS,181
GABINETE DIREÇÃO GERAL - CAMPUS CAJAZEIRAS,GDG-CZ,DG-CZ,CAMPUS CAJAZEIRAS,2
DIRETORIA DE DESENVOLVIMENTO DO ENSINO DO CAMPUS CAJAZEIRAS,DDE-CZ,DG-CZ,CAMPUS CAJAZEIRAS,138
"DIRETORIA DE ADMINISTRAÇÃO, PLANEJAMENTO E FINANÇAS DO CAMPUS CAJAZEIRAS",DAPF-CZ,DG-CZ,CAMPUS CAJAZEIRAS,19
CAMPUS PRINCESA ISABEL,CAMPUS-PI,REITORIA,CAMPUS PRINCESA ISABEL,80
DIRETORIA DE DESENVOLVIMENTO DE ENSINO DO CAMPUS PRINCESA ISABEL,DDE-PI,DG-PI,CAMPUS PRINCESA ISABEL,67
"DIRETORIA DE ADMINISTRAÇÃO, PLANEJAMENTO E FINANÇAS DO CAMPUS PRINCESA ISABEL",DAPF-PI,DG-PI,CAMPUS PRINCESA ISABEL,8
CAMPUS PICUI,CAMPUS-PC,REITORIA,CAMPUS PICUÍ,93
CAMPUS MONTEIRO,CAMPUS-MT,REITORIA,CAMPUS MONTEIRO,93
"DIRETORIA DE ADMINISTRAÇÃO, PLANEJAMENTO E FINANÇAS DO CAMPUS MONTEIRO",DAPF-MT,DG-MT,CAMPUS MONTEIRO,9
CAMPUS PATOS,CAMPUS-PT,REITORIA,CAMPUS PATOS,105
DIRETORIA DE DESENVOLVIMENTO DO ENSINO DO CAMPUS PATOS,DDE-PT,DG-PT ,CAMPUS PATOS,85
"DIRETORIA DE ADMINISTRAÇÃO, PLANEJAMENTO E FINANÇAS DO CAMPUS PATOS",DAPF-PT,DG-PT ,CAMPUS PATOS,13
DIRETORIA GERAL DE TECNOLOGIA DA INFORMAÇÃO - REITORIA,DGTI-RE,REITORIA,REITORIA,26
COORDENAÇÃO DE DESENVOLVIMENTO E GERENCIAMENTO DE SISTEMAS - REITORIA,CDGS-RE,DGTI-RE,REITORIA,5
COORDENAÇÃO DE INFRAESTRUTURA E MANUTENÇÃO DE REDES - REITORIA,CIMR-RE,DGTI-RE,REITORIA,7
DIRETORIA DE PLANEJAMENTO INSTITUCIONAL - REITORIA,DPI-RE,REITORIA,REITORIA,3
DIRETORIA DE GERENCIAMENTO E FISCALIZAÇÃO DE OBRAS DE ENGENHARIA - REITORIA,DGFOE-RE,REITORIA,REITORIA,23
COORDENAÇÃO DE OBRAS DE ENGENHARIA - REITORIA,COE-RE,DGFOE-RE,REITORIA,16
SECRETARIA DA REITORIA,SEC-RE,GAB-RE,REITORIA,1
COORDENAÇÃO DE MEMÓRIA E ARQUIVO,CMA-RE,DCML-RE,REITORIA,3
OUVIDORIA - REITORIA,OUVIDORIA-RE,REITORIA,REITORIA,1
DIREÇÃO GERAL DO CAMPUS CAJAZEIRAS,DG-CZ,CAMPUS-CZ,CAMPUS CAJAZEIRAS,179
DIREÇÃO GERAL DO CAMPUS CAMPINA GRANDE,DG-CG,CAMPUS-CG,CAMPUS CAMPINA GRANDE,259
DIRECAO GERAL DO CAMPUS SOUSA,DG-SS,CAMPUS-SS,CAMPUS SOUSA,197
COORDENAÇÃO DA COMISSÃO PERMANENTE DE CONCURSOS - REITORIA,COMPEC-RE,REITORIA,REITORIA,4
DIRETORIA DE INOVAÇÃO TECNOLÓGICA - REITORIA,DIT-RE,PRPIPG-RE,REITORIA,2
ASSISTÊNCIA DA PRÓ-REITORIA DE ENSINO - REITORIA,APRE-RE,PRE-RE,REITORIA,1
"DEPARTAMENTO DE CADASTRO ACADÊMICO, CERTIFICAÇÃO E DIPLOMAÇÃO - REITORIA",DCAD-RE,PRE-RE,REITORIA,7
COORDENAÇÃO DE PRODUÇÃO AUDIOVISUAL - REITORIA,CPAV-RE,PRE-RE,REITORIA,8
DIRETORIA DE EDUCAÇÃO SUPERIOR - REITORIA,DES-RE,PRE-RE,REITORIA,6
DIRETORIA DE EDUCAÇÃO PROFISSIONAL - REITORIA,DEP-RE,PRE-RE,REITORIA,3
DIRETORIA DE EDUCAÇÃO A DISTÂNCIA - REITORIA,DEAD-RE,PRE-RE,REITORIA,11
COORDENAÇÃO DE EDUCAÇÃO À DISTÂNCIA - REITORIA,CED-RE,DEAD-RE,REITORIA,1
DIRETORIA DE ARTICULAÇÃO PEDAGÓGICA - REITORIA,DAPE-RE,PRE-RE,REITORIA,7
COORDENAÇÃO DE LEGISLAÇÃO EDUCACIONAL - REITORIA,COLED-RE,DAPE-RE,REITORIA,1
DIRETORIA DE PESQUISA - REITORIA,DP-RE,PRPIPG-RE,REITORIA,3
COORDENAÇÃO DE PROGRAMAS DE BOLSAS DE PESQUISA - REITORIA,CPBPESQ-RE,DP-RE,REITORIA,1
DIRETORIA DE PÓS-GRADUAÇÃO - REITORIA,DPG-RE,PRPIPG-RE,REITORIA,2
ASSISTÊNCIA DA PRÓ-REITORIA DE EXTENSÃO - REITORIA,APROEXT-RE,PROEXC-RE,REITORIA,1
COORDENAÇÃO DO NÚCLEO DE ESTUDOS TRANSDISCIPLINARES EM DEPENDÊNCIA QUÍMICA - REITORIA,CNETDEQ-RE,DEXT-RE,REITORIA,1
DIRETORIA GERAL DE GESTÃO DE PESSOAS - REITORIA,DGEP-RE,REITORIA,REITORIA,28
COORDENAÇÃO DE CONTROLE E EXPEDIÇÃO DE DIÁRIAS - REITORIA,CCED-RE,DFIN-RE,REITORIA,4
COORDENAÇÃO DE CONTRATOS - REITORIA,CC-RE,DCCL-RE,REITORIA,2
DEPARTAMENTO DE  FINANÇAS - REITORIA,DFIN-RE,PRAF-RE,REITORIA,20
DIRETORIA DE CADASTRO E PAGAMENTO DE PESSOAL - REITORIA,DCPP-RE,DGEP-RE,REITORIA,9
COORDENAÇÃO DE PRODUÇÃO E FOLHA DE PAGAMENTO - REITORIA,CPFP-RE,DCPP-RE,REITORIA,3
COORDENAÇÃO DE APOSENTADORIA E PENSÕES - REITORIA,CAPEN-RE,DCPP-RE,REITORIA,1
DIRETORIA DE DESENVOLVIMENTO DE PESSOAS - REITORIA,DDP-RE,DGEP-RE,REITORIA,7
COORDENAÇÃO DE PATRIMÔNIO - REITORIA,CPAT-RE,DAMRP-RE,REITORIA,2
COORDENAÇÃO E TECNOLOGIA DA INFORMAÇÃO - CAMPUS CG,CTI-CG,DG-CG,CAMPUS CAMPINA GRANDE,3
COORDENAÇÃO DE GESTÃO DE PESSOAS - CAMPUS CAMPINA GRANDE,CGP-CG,DG-CG,CAMPUS CAMPINA GRANDE,4
COORDENAÇÃO DE TECNOLOGIA DA INFORMAÇÃO DO CAMPUS CABEDELO,CTI-CB,DG-CB,CAMPUS CABEDELO,2
"Coordenação de Compras, Licitações e Contratos - Campus Campina Grande",CCLC-CG,DAPF-CG,CAMPUS CAMPINA GRANDE,4
"COORDENAÇÃO DE MANUTENÇÃO, SEGURANÇA  E  TRANSPORTE -  CAMPUS  CAMPINA GRANDE",CMST-CG,DAPF-CG,CAMPUS CAMPINA GRANDE,2
COORDENAÇÃO DE  EXECUÇÃO ORÇAMENTÁRIA E  FINANCEIRA - CAMPUS CAMPINA GRANDE,CEOF-CG,DAPF-CG,CAMPUS CAMPINA GRANDE,4
COORDENAÇÃO DE  EXTENSÃO - CAMPUS CAMPINA GRANDE,CE-CG,DDE-CG,CAMPUS CAMPINA GRANDE,1
COORDENACAO DE ESTAGIOS - CAMPUS CAMPINA GRANDE,COE-CG,DDE-CG,CAMPUS CAMPINA GRANDE,1
COORDENAÇÃO DO CONTROLE ACADÊMICO - CAMPUS CG,CCA-CG,DDE-CG,CAMPUS CAMPINA GRANDE,6
Coordenação Pedagógica - Campus Campina Grande,COPED-CG,DDE-CG,CAMPUS CAMPINA GRANDE,5
Coordenação do Proeja - Campus Campina Grande,PROEJA-CG,DDE-CG,CAMPUS CAMPINA GRANDE,5
COORDENAÇÃO DE  ASSISTÊNCIA AO ESTUDANTE - CAMPUS CAMPINA GRANDE,CAEST-CG,DDE-CG,CAMPUS CAMPINA GRANDE,4
Coordenação do Curso de Mineração - Campus Campina Grande,CCM-CG,DDE-CG,CAMPUS CAMPINA GRANDE,11
COORDENAÇÃO DOS CURSOS DE INFORMÁTICA - CAMPUS CG,CCTI-CG,COAIN-CG,CAMPUS CAMPINA GRANDE,2
Coordenação do Curso de Telemática - Campus Campina Grande,CCT-CG,COAIN-CG,CAMPUS CAMPINA GRANDE,1
Coordenação do Curso de Petróleo e Gás - Campus Campina Grande,CCPeG-CG,DDE-CG,CAMPUS CAMPINA GRANDE,10
Coordenação do Curso de Construção de Edifícios - Campus Campina Grande,CCCE-CG,CCS-CG,CAMPUS CAMPINA GRANDE,9
Coordenação do Curso de Licenciatura em Matemática - Campus Campina Grande,CCLM-CG,CCS-CG,CAMPUS CAMPINA GRANDE,2
Coordenação do Napne - Campus Campina Grande,NAPNE-CG,DDE-CG,CAMPUS CAMPINA GRANDE,9
DIREÇÃO GERAL - CAMPUS PICUÍ,DG-PC,CAMPUS-PC,CAMPUS PICUÍ,93
"DIRETORIA DE ADMINISTRAÇÃO, PLANEJAMENTO E FINANÇAS DO CAMPUS PICUÍ",DAPF-PC,DG-PC,CAMPUS PICUÍ,9
DIRETORIA DE DESENVOLVIMENTO DO ENSINO DO CAMPUS PICUÍ,DDE-PC,DG-PC,CAMPUS PICUÍ,78
CHEFIA DE GABINETE DA DIREÇÃO GERAL DO CAMPUS PICUÍ,CGDG-PC,DG-PC,CAMPUS PICUÍ,1
COORDENAÇÃO DE PESQUISA  - CAMPUS PICUÍ,CPESQ-PC,DG-PC,CAMPUS PICUÍ,1
COORDENAÇÃO DE TECNOLOGIA DA INFORMAÇÃO - CAMPUS PICUÍ,CTI-PC,DG-PC,CAMPUS PICUÍ,2
COORDENAÇÃO DE MANUT. SEG. E TRANSPORTE - CAMPUS PICUÍ,CMST-PC,DAPF-PC,CAMPUS PICUÍ,1
COORDENAÇÃO DE PLANEJAMENTO - CAMPUS PICUÍ,COPLAN-PC,DAPF-PC,CAMPUS PICUÍ,2
COORDENAÇÃO DE GESTÃO DE PESSOAS - CAMPUS PICUÍ,CGP-PC,DAPF-PC,CAMPUS PICUÍ,1
COORDENAÇÃO DE PATRIMÔNIO E ALMOXARIFADO - CAMPUS PICUÍ,CPA-PC,DAPF-PC,CAMPUS PICUÍ,2
COORDENAÇÃO DE COMPRAS E CONTRATOS - CAMPUS PICUÍ,CCC-PC,DAPF-PC,CAMPUS PICUÍ,2
COORDENAÇÃO PEDAGÓGICA E  DE APOIO AO ESTUDANTE - CAMPUS PICUÍ,COPAE-PC,DDE-PC,CAMPUS PICUÍ,9
COORDENAÇÃO DE TURNO - CAMPUS PICUÍ,CT-PC,DDE-PC,CAMPUS PICUÍ,2
COORDENAÇÃO DO CURSO SUPERIOR EM AGROECOLOGIA - CAMPUS PICUÍ,CCSA-PC,DDE-PC,CAMPUS PICUÍ,12
COORDENAÇÃO DO CONTROLE ACADÊMICO - CAMPUS PICUÍ,CCA-PC,DDE-PC,CAMPUS PICUÍ,4
COORDENAÇÃO DE BIBLIOTECA - CAMPUS PICUÍ,CB-PC,DDE-PC,CAMPUS PICUÍ,1
COORDENAÇÃO DE ESTÁGIO - CAMPUS PICUÍ,CE-PC,DDE-PC,CAMPUS PICUÍ,1
COORDENAÇÃO DE PESQUISA E EXTENSÃO DO CAMPUS CABEDELO,CPEX-CB,DG-CB,CAMPUS CABEDELO,1
"COORDENAÇÃO DE MANUTENÇÃO, SEGURANÇA E TRANSPORTE DO CAMPUS CABEDELO",COMAST-CB,DAPF-CB,CAMPUS CABEDELO,1
COORDENAÇÃO DE PLANEJAMENTO E ORÇAMENTO DO CAMPUS CABEDELO,COPLAN-CB,DAPF-CB,CAMPUS CABEDELO,1
COORDENAÇÃO DE GESTÃO DE PESSOAS DO CAMPUS CABEDELO,CGP-CB,DAPF-CB,CAMPUS CABEDELO,1
DIRETORIA GERAL  DO CAMPUS CABEDELO,DG-CB,CAMPUS-CB,CAMPUS CABEDELO,120
COORDENAÇÃO DE FINANÇAS E CONTABILIDADE DO CAMPUS CABEDELO,CFC-CB,DAPF-CB,CAMPUS CABEDELO,2
COORDENAÇÃO PEDAGÓGICA E DE APOIO AO ESTUDANTE DO CAMPUS CABEDELO,COPAE-CB,DDE-CB,CAMPUS CABEDELO,5
COORDENACAO DE ESTAGIOS DO CAMPUS CABEDELO,COE-CB,DDE-CB,CAMPUS CABEDELO,2
COORDENAÇÃO DO CURSO TÉCNICO EM MEIO AMBIENTE DO CAMPUS CABEDELO,CTMA-CB,DDE-CB,CAMPUS CABEDELO,7
COORDENAÇÃO DO CURSO SUPERIOR DE TECNOLOGIA EM DESIGN GRÁFICO DO CAMPUS CABEDELO,CCSDG-CB,DDE-CB,CAMPUS CABEDELO,9
COORDENAÇÃO DE CONTROLE ACADÊMICO DO CAMPUS CABEDELO,CCA-CB,DDE-CB,CAMPUS CABEDELO,3
COORDENAÇÃO DE BIBLIOTECA DO CAMPUS CABEDELO,COB-CB,DDE-CB,CAMPUS CABEDELO,4
COORDENAÇÃO DE FORMAÇÃO GERAL DO CAMPUS CABEDELO,COFORG-CB,DDE-CB,CAMPUS CABEDELO,18
COORDENAÇÃO DO CURSO TÉCNICO EM RECURSOS PESQUEIROS DO CAMPUS CABEDELO,CCTRP-CB,DDE-CB,CAMPUS CABEDELO,11
COORDENAÇÃO DE PROJETOS DO CAMPUS CABEDELO,CPROJ-CB,DDE-CB,CAMPUS CABEDELO,1
COORDENAÇÃO DE TURNO DO CAMPUS CABEDELO,CT-CB,DDE-CB,CAMPUS CABEDELO,2
Coordenação dos Cursos Superiores - Campus Campina Grande,CCS-CG,DDE-CG,CAMPUS CAMPINA GRANDE,11
"DIRETORIA DE COMUNICAÇÃO, MANUTENÇÃO E LOGÍSTICA - REITORIA",DCML-RE,PRAF-RE,REITORIA,11
COORDENACÃO DE PROTOCOLO - REITORIA,PROTOCOLO-RE,DCML-RE,REITORIA,3
COORDENAÇÃO DE ALMOXARIFADO - REITORIA,CA-RE,DAMRP-RE,REITORIA,3
BIBLIOTECA - CAMPUS PATOS ,BIB-PT,DDE-PT,CAMPUS PATOS,4
COORDENAÇÃO DE ADMINISTRAÇÃO DE MATERIAIS E RECURSOS PATRIMONIAIS - CAMPUS PATOS,CAMRP-PT,DAPF-PT,CAMPUS PATOS,1
COORDENAÇÃO DE CONTROLE ACADÊMICO - CAMPUS PATOS ,CCA-PT ,DDE-PT,CAMPUS PATOS,1
COORDENAÇÃO DO CURSO DE EDIFICAÇÕES -  CAMPUS PATOS ,CCED-PT ,DDE-PT,CAMPUS PATOS,5
COORDENAÇÃO DO CURSO DE ELETROTÉCNICA - CAMPUS PATOS ,CCEL-PT ,DDE-PT,CAMPUS PATOS,3
COORDENAÇÃO DO CURSO DE MANUTENÇÃO E SUPORTE DE INFORMÁTICA - CAMPUS PATOS ,CTMSI-PT ,DDE-PT,CAMPUS PATOS,3
DIREÇÃO GERAL - CAMPUS PATOS ,DG-PT ,CAMPUS-PT,CAMPUS PATOS,105
COORD. CURSO SUPERIOR TECNOL. SEGURANÇA DO TRABALHO - CAMPUS PATOS,CSTST-PT,DDE-PT,CAMPUS PATOS,6
COORDENAÇÃO DE EXECUÇÃO FINANCEIRA - CAMPUS PATOS,COEXF-PT,DAPF-PT,CAMPUS PATOS,2
COORDENACAO DE ESTAGIO - CAMPUS PATOS ,CEST-PT,DDE-PT,CAMPUS PATOS,1
COORDENAÇÃO DE GESTÃO DE PESSOAS - CAMPUS PATOS ,CGP-PT ,DAPF-PT,CAMPUS PATOS,2
COORDENAÇÃO DE MANUTENÇÃO E SEGURANÇA - CAMPUS PATOS,CMSE-PT,DAPF-PT,CAMPUS PATOS,1
COORDENAÇÃO PEDAGÓGICA DE APOIO AO ESTUDANTE - CAMPUS PATOS ,COPAE-PT ,DDE-PT,CAMPUS PATOS,8
COORDENAÇÃO DE PESQUISA - CAMPUS PATOS ,CPESQ-PT ,DG-PT ,CAMPUS PATOS,1
COORDENAÇÃO DE PLANEJAMENTO -  CAMPUS PATOS ,COPLAN-PT,DAPF-PT,CAMPUS PATOS,1
COORDENAÇÃO DE TECNOLOGIA DA INFORMAÇÃO - CAMPUS PATOS ,CTI-PT ,DG-PT ,CAMPUS PATOS,3
CHEFIA DE GABINETE - CAMPUS PATOS,CGAB-PT,DG-PT ,CAMPUS PATOS,1
COORDENAÇÃO DE PROTOCOLO DIÁRIAS E PASSAGENS - CAMPUS PATOS,CPDP-PT ,DAPF-PT,CAMPUS PATOS,1
DIRETORIA GERAL - CAMPUS MONTEIRO,DG-MT,CAMPUS-MT,CAMPUS MONTEIRO,91
DIRETORIA DE DESENVOLVIMENTO DO ENSINO DO CAMPUS MONTEIRO,DDE-MT,DG-MT,CAMPUS MONTEIRO,78
COORDENAÇÃO DE CONTROLE ACADÊMICO - CAMPUS MONTEIRO,CCA-MT,DDE-MT,CAMPUS MONTEIRO,3
COORDENAÇÃO DO CURSO DE CONSTRUÇÃO DE EDIFÍCIOS - CAMPUS MONTEIRO,CCE-MT,DDE-MT,CAMPUS MONTEIRO,5
COORDENACAO DE ESTAGIOS - CAMPUS MONTEIRO,CE-MT,DDE-MT,CAMPUS MONTEIRO,2
COORDENAÇÃO DE BIBLIOTECA  E RECURSOS MULTIMEIOS - CAMPUS MONTEIRO,CBRM-MT,DDE-MT,CAMPUS MONTEIRO,3
COORDENAÇÃO DE COMUNICAÇÃO INSTITUCIONAL - CAMPUS MONTEIRO,CCI-MT,DG-MT,CAMPUS MONTEIRO,1
COORDENAÇÃO DE GESTÃO DE PESSOAS - CAMPUS MONTEIRO,CGP-MT,DAPF-MT,CAMPUS MONTEIRO,2
COORDENAÇÃO DE COMPRAS - CAMPUS MONTEIRO,CC-MT,DAPF-MT,CAMPUS MONTEIRO,1
COORDENAÇÃO DE  PATRIMÔNIO E ALMOXARIFADO  - CAMPUS MONTEIRO,CPA-MT,DAPF-MT,CAMPUS MONTEIRO,1
COORDENAÇÃO DE  EXECUÇÃO ORÇAMENTÁRIA E FINANCEIRA  - CAMPUS MONTEIRO,CEOF-MT,DAPF-MT,CAMPUS MONTEIRO,2
"COORDENAÇÃO DE MANUTENÇÃO, TRANSPORTE E SEGURANÇA - CAMPUS MONTEIRO",CMTS-MT,DAPF-MT,CAMPUS MONTEIRO,1
SETOR DE SAÚDE - CAMPUS MONTEIRO,SSAUDE-MT,DDE-MT,CAMPUS MONTEIRO,2
COORDENAÇÃO DE TECNOLOGIA DA INFORMAÇÃO - CAMPUS MONTEIRO,CTI-MT,DG-MT,CAMPUS MONTEIRO,2
COORDENAÇÃO PEDAGÓGICA  - CAMPUS MONTEIRO,COPED-MT,DDE-MT,CAMPUS MONTEIRO,3
DIREÇÃO GERAL - CAMPUS JOÃO PESSOA,DG-JP,CAMPUS-JP,CAMPUS JOÃO PESSOA,636
"DEPARTAMENTO DE INOVAÇÃO, PÓS-GRADUAÇÃO, PESQUISA, EXTENSÃO E DESAFIOS ACADÊMICOS - CAMPUS JP",DIPPED-JP,DG-JP,CAMPUS JOÃO PESSOA,11
DIRETORIA DE DESENVOLVIMENTO DO ENSINO DO CAMPUS JOÃO PESSOA,DDE-JP,DG-JP,CAMPUS JOÃO PESSOA,518
NUCLEO DE TECNOLOGIA DA INFORMACAO,NTI-JP,DG-JP,CAMPUS JOÃO PESSOA,7
UNIDADES ACADÊMICAS	,UA-JP,DDE-JP,CAMPUS JOÃO PESSOA,326
UNIDADE ACADÊMICA DE GESTÃO E NEGÓCIOS		,UA5-JP,UA-JP,CAMPUS JOÃO PESSOA,51
DIRETORIA DE ADMINISTRAÇÃO E FINANÇAS DO CAMPUS JOÃO PESSOA,DAF-JP,DG-JP,CAMPUS JOÃO PESSOA,60
UNIDADE ACADÊMICA 4 - LICENCIATURAS E FORMAÇÃO GERAL -  CAMPUS JOÃO PESSOA,UA4-JP,UA-JP,CAMPUS JOÃO PESSOA,128
UNIDADE ACADÊMICA DE CONTROLES E PROCESSOS INDUSTRIAIS			,UA3-JP,UA-JP,CAMPUS JOÃO PESSOA,58
UNIDADE ACADÊMICA DE INFORMÁTICA,UA2-JP,UA-JP,CAMPUS JOÃO PESSOA,32
"UNIDADE ACADÊMICA DE INFRAESTRUTURA, DESIGN E MEIO AMBIENTE			",UA1-JP,UA-JP,CAMPUS JOÃO PESSOA,57
DEPARTAMENTO DE ASSISTÊNCIA ESTUDANTIL - CAMPUS JP ,DAEST-JP,DDE-JP,CAMPUS JOÃO PESSOA,43
DEPARTAMENTO DE EDUCAÇÃO PROFISSIONAL ,DEP-JP,DDE-JP,CAMPUS JOÃO PESSOA,1
CHEFIA DE GABINETE DA DIREÇÃO-GERAL	,CGDG-JP,DG-JP,CAMPUS JOÃO PESSOA,15
DES -JP	DEPARTAMENTO DE ENSINO SUPERIOR 	,DES-JP,DDE-JP,CAMPUS JOÃO PESSOA,3
COORDENAÇÃO DE TURNO,C-TURNO-JP,DEPAP-JP,CAMPUS JOÃO PESSOA,2
COORD. DO PROEJA - UA05 - CAMPUS JOÃO PESSOA,CPROEJA-JP,UA5-JP,CAMPUS JOÃO PESSOA,2
COORDENAÇÃO PEDAGÓGICA - CAMPUS JP,COPED-JP,DEPAP-JP,CAMPUS JOÃO PESSOA,4
DEPARTAMENTO DE GESTÃO E DESENVOLVIMENTO DE PESSOAS - CAMPUS JOÃO PESSOA,DGDP-JP,DG-JP,CAMPUS JOÃO PESSOA,13
DEPARTAMENTO DE APOIO À ADMINISTRAÇÃO - CAMPUS JOÃO PESSOA,DAA-JP ,DAF-JP,CAMPUS JOÃO PESSOA,38
COORDENAÇÃO DE ESTÁGIO - CAMPUS JOÃO PESSOA,CE-JP,DDE-JP,CAMPUS JOÃO PESSOA,19
COORDENAÇÃO DO CURSO TÉCNICO EM CONTROLE AMBIENTAL INTEGRADO/TÉCNICO AO ENSINO MÉDIO  -  CAMPUS JP,CCTCA-JP,UA1-JP,CAMPUS JOÃO PESSOA,4
COORDENAÇÃO DO CURSO TÉCNICO EM EQUIPAMENTOS BIOMÉDICOS SUBSEQUENTE AO ENSINO MÉDIO  - CAMPUS JP ,CCTEB-JP,UA3-JP,CAMPUS JOÃO PESSOA,2
DEPARTAMENTO DE LOGÍSTICA - CAMPUS JOÃO PESSOA,DLOG-JP,DAF-JP,CAMPUS JOÃO PESSOA,7
COORD. DO CURSO TÉCNICO EM MECÂNICA - UA03 - CAMPUS JP,CCTMEC-JP,UA3-JP,CAMPUS JOÃO PESSOA,1
COORD. DO CURSO TÉCNICO EM MÚSICA - UA04 - CAMPUS JP,CCTMUS-JP,UA4-JP,CAMPUS JOÃO PESSOA,2
COORDENAÇÃO DO CURSO TÉCNICO EM ELETROTÉCNICA INTEGRADO/SUBSEQUENTE AO ENSINO MÉDIO  -  CAMPUS JP,CCTELT-JP ,UA3-JP,CAMPUS JOÃO PESSOA,3
COORDENAÇÃO DO CURSO TÉCNICO EM EDIFICAÇÕES INTEGRADO/SUBSEQUENTE AO ENSINO MÉDIO - CAMPUS JP ,CCTEDIF-JP,UA1-JP,CAMPUS JOÃO PESSOA,4
DEPARTAMENTO DE ORÇAMENTO E FINANÇAS,DOF-JP ,DAF-JP,CAMPUS JOÃO PESSOA,11
COORDENAÇÃO DO CURSO TÉCNICO EM ELETRÔNICA INTEGRADO/SUBSEQUENTE AO ENSINO MÉDIO  -  CAMPUS JP,CCTETRON-JP,UA3-JP,CAMPUS JOÃO PESSOA,5
COORDENAÇÃO DO CURSO SUPERIOR DE TECNOLOGIA EM SISTEMAS DE TELECOMUNICAÇÕES ,CCSTST-JP ,UA3-JP,CAMPUS JOÃO PESSOA,4
COORDENAÇÃO DO CURSO SUPERIOR DE TECNOLOGIA EM SISTEMAS PARA INTERNET ,CCSTSI-JP,UA2-JP,CAMPUS JOÃO PESSOA,1
COORDENAÇÃO DO CURSO SUPERIOR DE TECNOLOGIA EM REDES DE COMPUTADORES ,CCSTRC-JP,UA2-JP,CAMPUS JOÃO PESSOA,1
COORDENAÇÃO DO CURSO SUPERIOR DE TECNOLOGIA EM NEGÓCIOS IMOBILIÁRIOS ,CCSTNI-JP,UA5-JP,CAMPUS JOÃO PESSOA,3
COORDENAÇÃO DO CURSO SUPERIOR DE TECNOLOGIA EM GESTAO AMBIENTAL ,CCSTGA-JP,UA1-JP,CAMPUS JOÃO PESSOA,3
"COORDENAÇÃO DE COMUNICAÇÃO, CERIMONIAL E EVENTOS - CAMPUS JOÃO PESSOA",CCCE-JP,CGDG-JP,CAMPUS JOÃO PESSOA,6
COORDENAÇÃO DO CURSO SUPERIOR DE TECNOLOGIA EM GEOPROCESSAMENTO ,CCSTG-JP,UA1-JP,CAMPUS JOÃO PESSOA,2
COORDENAÇÃO DO CURSO SUPERIOR DE TECNOLOGIA EM DESIGN DE INTERIORES ,CCSTDI-JP,UA1-JP,CAMPUS JOÃO PESSOA,3
SECRETARIA DA DIREÇÃO-GERAL - CAMPUS JOÃO PESSOA,SDG-JP,DG-JP,CAMPUS JOÃO PESSOA,2
COORDENAÇÃO DO CURSO SUPERIOR DE TECNOLOGIA EM CONSTRUÇÃO DE EDIFÍCIOS ,CCSTCE-JP,UA1-JP,CAMPUS JOÃO PESSOA,2
COORDENAÇÃO DO CURSO SUPERIOR DE TECNOLOGIA EM AUTOMAÇÃO INDUSTRIAL ,CCSTAI-JP,UA3-JP,CAMPUS JOÃO PESSOA,3
COORDENAÇÃO DE MANUTENÇÃO E TRANSPORTES - CAMPUS JOÃO PESSOA,CMAT-JP,DAA-JP ,CAMPUS JOÃO PESSOA,7
COORDENAÇÃO DE SUPORTE E MANUTENÇÃO EM TECNOLOGIA DA INFORMAÇÃO - CAMPUS JOÃO PESSOA,CSMTI-JP,DG-JP,CAMPUS JOÃO PESSOA,3
COORDENAÇÃO DE PROTOCOLO - CAMPUS JOÃO PESSOA,PROTOCOLO-JP,DAA-JP ,CAMPUS JOÃO PESSOA,4
COORDENAÇÃO DE PRODUÇÃO GRÁFICA - CAMPUS JOÃO PESSOA ,CPG-JP ,DAA-JP ,CAMPUS JOÃO PESSOA,1
COORDENAÇÃO DE CONVÊNIOS E CONTRATOS  ,CCC-JP ,DLOG-JP,CAMPUS JOÃO PESSOA,3
COORDENAÇÃO DE SEGURANÇA INSTITUCIONAL - CAMPUS JOÃO PESSOA,CSI-JP,DAA-JP ,CAMPUS JOÃO PESSOA,19
COORDENAÇÃO DA ÁREA DE CIÊNCIAS HUMANAS E SUAS TECNOLOGIAS ,CCHT-JP ,UA4-JP,CAMPUS JOÃO PESSOA,6
COORDENAÇÃO DA ÁREA DE CIÊNCIAS DA NATUREZA - UA04 - CAMPUS JP,CACN-JP,UA4-JP,CAMPUS JOÃO PESSOA,4
COORDENAÇÃO DE APOIO ESTUDANTE,CAEST-JP,DAEST-JP,CAMPUS JOÃO PESSOA,12
COORDENAÇÃO DE EDUCAÇÃO FÍSICA ,CEF-JP,UA4-JP,CAMPUS JOÃO PESSOA,1
"COORDENAÇÃO DA ÁREA DE LINGUAGENS, CÓDIGOS E SUAS TECNOLOGIAS ",CLCT-JP ,UA4-JP,CAMPUS JOÃO PESSOA,7
COORDENAÇÃO DA BIBLIOTECA NILO PEÇANHA - CAMPUS JP,CBNP-JP,DDE-JP,CAMPUS JOÃO PESSOA,15
CURSO SUPERIOR DE BACHARELADO EM ENGENHARIA ELÉTRICA ,CCSBEE-JP ,UA3-JP,CAMPUS JOÃO PESSOA,6
CURSO SUPERIOR DE LICENCIATURA EM QUÍMICA ,CSLQ-JP ,UA4-JP,CAMPUS JOÃO PESSOA,8
COORDENAÇÃO DE CONTABILIDADE - CAMPUS JOÃO PESSOA,CCONT-JP,DOF-JP ,CAMPUS JOÃO PESSOA,2
COORDENAÇÃO DE EXECUÇÃO FINANCEIRA - CAMPUS JOÃO PESSOA,CEFIN-JP,DOF-JP ,CAMPUS JOÃO PESSOA,4
COORDENAÇÃO DE CONTROLE ACADÊMIC0,CCA-JP,DDE-JP,CAMPUS JOÃO PESSOA,11
COORDENAÇÃO DO CURSO SUPERIOR DE BACHARELADO EM ADMINISTRAÇÃO ,CCSBA-JP ,UA5-JP,CAMPUS JOÃO PESSOA,4
COORDENAÇÃO DE PREVENÇÃO E ATENÇÃO À SAÚDE - CAMPUS JP,CPAS-JP,DAEST-JP,CAMPUS JOÃO PESSOA,18
COORDENAÇÃO DE ASSISTÊNCIA ÀS PESSOAS COM NECESSIDADES ESPECÍFICAS - CAMPUS JP ,COAPNE-JP,DAEST-JP,CAMPUS JOÃO PESSOA,8
CAMPUS GUARABIRA,CAMPUS-GB,REITORIA,CAMPUS GUARABIRA,76
DIRETORIA GERAL - CAMPUS PRINCESA ISABEL,DG-PI,CAMPUS-PI,CAMPUS PRINCESA ISABEL,80
COORDENAÇÃO DE PESQUISA E EXTENSÃO - CAMPUS PRINCESA ISABEL,CPE-PI,DDE-PI,CAMPUS PRINCESA ISABEL,1
"COORDENAÇÃO DE COMPRAS, LICITAÇÕES E CONTRATOS - CAMPUS PRINCESA ISABEL",CCLC-PI,DAPF-PI,CAMPUS PRINCESA ISABEL,2
COORDENAÇÃO DE PLANEJAMENTO E CONTABILIDADE - CAMPUS PRINCESA ISABEL,CPC-PI,DAPF-PI,CAMPUS PRINCESA ISABEL,2
"COORDENAÇÃO DE MANUTENÇÃO, SEGURANÇA E TRANSPORTES - CAMPUS PRINCESA ISABEL",CMST-PI,DAPF-PI,CAMPUS PRINCESA ISABEL,1
COORDENAÇÃO DE GESTÃO DE PESSOAS - CAMPUS PRINCESA ISABEL,CGP-PI,DG-PI,CAMPUS PRINCESA ISABEL,2
COORDENAÇÃO DE CONTROLE ACADEMICO - CAMPUS PRINCESA ISABEL,CCA-PI,DDE-PI,CAMPUS PRINCESA ISABEL,2
Coordenação de Formação Geral - Campus Princesa Isabel,CFG-PI,DDE-PI,CAMPUS PRINCESA ISABEL,1
COORDENAÇÃO DO CURSO SUPERIOR DE TECNOLOGIA EM GESTÃO AMBIENTAL- CAMPUS PRINCESA ISABEL,CCSTGA-PI,DDE-PI,CAMPUS PRINCESA ISABEL,5
COORDENAÇÃO DE ESTÁGIOS - CAMPUS PRINCESA ISABEL,CE-PI,DDE-PI,CAMPUS PRINCESA ISABEL,1
COORDENAÇÃO DO CURSO TÉCNICO DE MANUTENÇÃO E SUPORTE EM INFORMÁTICA - CAMPUS PRINCESA ISABEL,CCTMSI-PI,DDE-PI,CAMPUS PRINCESA ISABEL,7
DIREÇÃO GERAL DO CAMPUS GUARABIRA,DG-GB,CAMPUS-GB,CAMPUS GUARABIRA,76
"DIRETORIA DE ADMINISTRAÇÃO, PLANEJAMENTO E FINANÇAS DO CAMPUS GUARABIRA",DAPF-GB,DG-GB,CAMPUS GUARABIRA,5
DIRETORIA DE DESENVOLVIMENTO DO ENSINO DO CAMPUS GUARABIRA,DDE-GB,DG-GB,CAMPUS GUARABIRA,59
COORDENAÇÃO DO CONTROLE ACADÊMICO - CAMPUS GUARABIRA,CCA-GB,DG-GB,CAMPUS GUARABIRA,2
COORDENAÇÃO DE PROTOCOLO - CAMPUS GUARABIRA,PROTOCOLO-GB,DG-GB,CAMPUS GUARABIRA,1
ASSESSORIA ESPECIAL - REITORIA,ASSESP-RE,REITORIA,REITORIA,1
DEPARTAMENTO DE FINANÇAS E CONTABILIDADE-CAMPUS SOUSA,DFC-SS,DAP-SS,CAMPUS SOUSA,7
COORDENACAO PEDAGOGICA - CAMPUS SOUSA,COPED-SS,DDE-SS,CAMPUS SOUSA,3
COORDENAÇÃO DE RELAÇÕES INSTITUCIONAIS E ESTÁGIOS-CAMPUS SOUSA,CRIE-SS,DDE-SS,CAMPUS SOUSA,3
"DEPARTAMENTO DE PRODUÇÃO, PESQUISA E EXTENSAO - CAMPUS SOUSA",DPPE-SS,DDE-SS,CAMPUS SOUSA,20
DEPARTAMENTO DE ASSISTÊNCIA ESTUDANTIL - CAMPUS SOUSA,DAE-SS,DDE-SS,CAMPUS SOUSA,15
COORDENAÇÃO DO CURSO SUPERIOR DE BACHAREL EM MEDICINA VETERINÁRIA-CAMPUS SOUSA,CCSBMV-SS,DES-SS,CAMPUS SOUSA,6
COORDENAÇÃO DO CURSO SUPERIOR DE LICENCIATURA EM QUÍMICA-CAMPUS SOUSA,CCSLQ-SS,DES-SS,CAMPUS SOUSA,4
COORDENAÇÃO DO CURSO SUPERIOR EM TECNOLOGIA DE ALIMENTOS-CAMPUS SOUSA,CCSTA-SS,DES-SS,CAMPUS SOUSA,1
COORDENAÇÃO DO CURSO SUPERIOR DE TECNOLOGO EM AGROECOLOGIA-CAMPUS SOUSA,CCSTAGRO-SS,DES-SS,CAMPUS SOUSA,2
PROGRAMA DE PÓS-GRADUAÇÃO EM ENGENHARIA ELÉTRICA - JP ,PPGEE-JP,CCSBEE-JP ,CAMPUS JOÃO PESSOA,2
COORDENAÇÃO DE MANUTENÇÃO DA REITORIA,COMANUT-RE,DCML-RE,REITORIA,2
COORDENAÇÃO DE BIBLIOTECA E CENTRO DE DOCUMENTAÇÃO - CAMPUS PRINCESA ISABEL,CBCD-PI,DDE-PI,CAMPUS PRINCESA ISABEL,3
COORDENAÇÃO DO CURSO TÉCNICO EM CONTABILIDADE INTEGRADO/TÉCNICO -  CAMPUS JP,CCTCONT-JP,UA5-JP,CAMPUS JOÃO PESSOA,3
COORDENAÇÃO DO CURSO TÉCNICO EM MINERAÇÃO - CAMPUS PICUÍ,CCTM-PC,DDE-PC,CAMPUS PICUÍ,5
COORDENAÇÃO DE MANUTENÇÃO SEGURANÇA E TRANSPORTE - CAMPUS CAJAZEIRAS,CMST-CZ,DAPF-CZ,CAMPUS CAJAZEIRAS,3
COORDENAÇÃO DE EDUCAÇÃO À DISTANCIA - CAMPUS PICUÍ,CEAD-PC ,DDE-PC,CAMPUS PICUÍ,1
COORDENAÇÃO DE BIBLIOTECA - CAMPUS CAMPINA GRANDE,CB-CG,DDE-CG,CAMPUS CAMPINA GRANDE,6
DEPARTAMENTO DE ORÇAMENTO E FINANÇAS - CAMPUS CAJAZEIRAS,DEOF-CZ,DAPF-CZ,CAMPUS CAJAZEIRAS,3
DEPARTAMENTO DE GESTÃO DE PESSOAS - CAMPUS CAJAZEIRAS,DGP-CZ,DAPF-CZ,CAMPUS CAJAZEIRAS,3
COORDENAÇÃO DE PATRIMÔNIO - CAMPUS CAJAZEIRAS,PATRIMONIO-CZ,DAPF-CZ,CAMPUS CAJAZEIRAS,2
COORDENAÇÃO DE PLANEJAMENTO - CAMPUS CAJAZEIRAS,COPLAN-CZ,DAPF-CZ,CAMPUS CAJAZEIRAS,2
COORDENAÇÃO DE APOIO AO ESTUDANTE - CAMPUS CAJAZEIRAS,CAEST-CZ,DDE-CZ,CAMPUS CAJAZEIRAS,7
COORDENAÇÃO DE CONTROLE ACADÊMICO - CAMPUS CAJAZEIRAS,CCA-CZ,DDE-CZ,CAMPUS CAJAZEIRAS,4
COORDENAÇÃO DE BIBLIOTECA - CAMPUS CAJAZEIRAS,CB-CZ,DDE-CZ,CAMPUS CAJAZEIRAS,2
COORDENAÇÃO PEDAGÓGICA - CAMPUS CAJAZEIRAS,COPED-CZ,DDE-CZ,CAMPUS CAJAZEIRAS,6
COORDENAÇÃO DA UNIDADE ACADÊMICA DA ÁREA DE FORMAÇÃO GERAL E PROJETOS ESPECIAIS- CAMPUS CAJAZEIRAS,UFGP-CZ,DDE-CZ,CAMPUS CAJAZEIRAS,43
COORDENAÇÃO DE LICENCIATURA EM MATEMÁTICA - CAMPUS CAJAZEIRAS,CLM-CZ,UFGP-CZ,CAMPUS CAJAZEIRAS,1
COORDENAÇÃO DA UNIDADE ACADÊMICA DA ÁREA DE INDÚSTRIA -  CAMPUS CAJAZEIRAS,UNIND-CZ,DDE-CZ,CAMPUS CAJAZEIRAS,45
COORDENAÇÃO DO CURSO SUPERIOR EM TECNOLOGIA DE AUTOMAÇÃO INDUSTRIAL - CAMPUS CAJAZEIRAS,CAIND-CZ,UNIND-CZ,CAMPUS CAJAZEIRAS,1
COORDENAÇÃO DO CURSO TÉCNICO EM EDIFICAÇÕES - CAMPUS CAJAZEIRAS,CTED-CZ,UNIND-CZ,CAMPUS CAJAZEIRAS,2
COORDENAÇÃO DO CURSO TÉCNICO EM ELETROMECÂNICA - CAMPUS CAJAZEIRAS,CTEL-CZ,UNIND-CZ,CAMPUS CAJAZEIRAS,3
COORDENAÇÃO DA UNIDADE ACADÊMICA DA ÁREA DE INFORMÁTICA - CAMPUS CAJAZEIRAS,UNINFO-CZ,DDE-CZ,CAMPUS CAJAZEIRAS,15
COORDENAÇÃO DO CURSO SUPERIOR EM ANÁLISE E DESENVOLVIMENTO DE SISTEMAS - CAMPUS CAJAZEIRAS,CADS-CZ,UNINFO-CZ,CAMPUS CAJAZEIRAS,2
COORDENAÇÃO DO CURSO TÉCNICO EM INFORMÁTICA - CAMPUS CAJAZEIRAS,CTIN-CZ,UNINFO-CZ,CAMPUS CAJAZEIRAS,1
COORDENAÇÃO DE PESQUISA - CAMPUS CAJAZEIRAS,CP-CZ,DG-CZ,CAMPUS CAJAZEIRAS,3
COORDENAÇÃO DE ESTÁGIO E RELAÇÕES EMPRESARIAIS - CAMPUS CAJAZEIRAS,CERE-CZ,DG-CZ,CAMPUS CAJAZEIRAS,3
COORDENAÇÃO DE TECNOLOGIA DA INFORMAÇÃO - CAMPUS CAJAZEIRAS,CTI-CZ,DG-CZ,CAMPUS CAJAZEIRAS,3
NÚCLEO DE ATENDIMENTO ÀS PESSOAS COM NECESSIDADES EDUCACIONAIS ESPECÍFICAS - CAMPUS CAJAZEIRAS,NAPNE-CZ,DG-CZ,CAMPUS CAJAZEIRAS,2
COORDENAÇÃO DE PROTOCOLO - CAMPUS CAJAZEIRAS,PROTOCOLO-CZ,DG-CZ,CAMPUS CAJAZEIRAS,5
DEPARTAMENTO DE EDUCAÇÃO À DISTÂNCIA - CAMPUS JOÃO PESSOA,DED-JP,DDE-JP,CAMPUS JOÃO PESSOA,2
COORDENAÇÃO DE PROTOCOLO - CAMPUS SOUSA,PROTOCOLO-SS,COMS-SS,CAMPUS SOUSA,3
COORDENAÇÃO DE EXECUÇÃO ORÇAMENTARIA E FINANCEIRA-CAMPUS SOUSA,CEOF-SS,DFC-SS,CAMPUS SOUSA,2
COORDENAÇÃO DE ALMOXARIFADO-CAMPUS SOUSA,CA-SS,DS-SS,CAMPUS SOUSA,1
COORDENAÇÃO DE PATRIMONIO-CAMPUS SOUSA,CP-SS,DFC-SS,CAMPUS SOUSA,2
COORDENAÇÃO  DE CONTROLE ACADÊMICO - CAMPUS SOUSA,CCA-SS,DDE-SS,CAMPUS SOUSA,3
NÚCLEO DE APOIO AOS SERVIÇOS MÉDICOS E ODONTOLÓGICOS,NASMO-CZ,DDE-CZ,CAMPUS CAJAZEIRAS,3
Coordenação do Curso de Licenciatura em Letras EAD,CLaD-JP,UA4-JP,CAMPUS JOÃO PESSOA,4
PESQUISADOR INSTITUCIONAL - REITORIA,PI-RE,REITORIA,REITORIA,1
COORDENAÇÃO DE LICITAÇÕES-CAMPUS SOUSA,CLICITA-SS,DS-SS,CAMPUS SOUSA,1
DIRETORIA DE ADMINISTRAÇÃO DE MATERIAIS E RECURSOS PATRIMONIAIS - REITORIA,DAMRP-RE,PRAF-RE,REITORIA,6
COORDENAÇÃO DE GESTÃO DE PESSOAS - CAMPUS GUARABIRA,CGP-GB,DG-GB,CAMPUS GUARABIRA,2
COORDENAÇÃO DE TECNOLOGIA DA INFORMAÇÃO - CAMPUS GUARABIRA,CTI-GB,DG-GB,CAMPUS GUARABIRA,2
COORDENAÇÃO DE COMPRAS E LICITAÇÃO - CAMPUS GUARABIRA,CCL-GB,DAPF-GB,CAMPUS GUARABIRA,1
COORDENAÇÃO DE EXTENSÃO - CAMPUS GUARABIRA,COEX-GB,DG-GB,CAMPUS GUARABIRA,1
COORDENAÇÃO DE EXECUÇÃO ORÇAMENTÁRIA E FINANCEIRA - CAMPUS PRINCESA ISABEL,CEOF-PI,DAPF-PI,CAMPUS PRINCESA ISABEL,1
COORDENAÇÃO DE TECNOLOGIA DA INFORMAÇÃO - CAMPUS PRINCESA ISABEL,CTI-PI,DG-PI,CAMPUS PRINCESA ISABEL,2
COORDENAÇÃO DO CURSO TÉCNICO EM EDIFICAÇÕES  - CAMPUS PRINCESA ISABEL,CCTE-PI,DDE-PI,CAMPUS PRINCESA ISABEL,8
COORDENAÇÃO DO CURSO SUPERIOR EM LICENCIATURA  EM FÍSICA,CCLF-CG,DDE-CG,CAMPUS CAMPINA GRANDE,3
COORDENAÇÃO DO CURSO DE ANÁLISE E DESENVOLVIMENTO DE SISTEMAS - CAMPUS MONTEIRO,CCADS-MT,DDE-MT,CAMPUS MONTEIRO,7
Diretoria de Extensão Popular e Rural - Reitoria,DEXPR-RE,PROEXC-RE,REITORIA,2
COORDENAÇÃO DE REGISTRO E GERENCIAMENTO DE PROJETOS - REITORIA,CRGP-RE,DEXPR-RE,REITORIA,1
Diretoria de Extensão Tecnológica - Reitoria,DEXT-RE,PROEXC-RE,REITORIA,7
COORDENAÇÃO DE EXTENSÃO TECNOLÓGICA - REITORIA,CET-RE,DEXT-RE,REITORIA,1
COORDENAÇÃO DE ARQUIVO CENTRAL - CAMPUS JOÃO PESSOA,CAC-JP,DAA-JP ,CAMPUS JOÃO PESSOA,3
COORDENAÇÃO DE PESQUISA E INOVAÇÃO - CAMPUS MONTEIRO,CPESQI-MT,DDE-MT,CAMPUS MONTEIRO,1
COORDENAÇÃO DO CURSO SUPERIOR EM BACHARELADO EM ADMINISTRAÇÃO PÚBLICA - EAD - CAMPUS JOÃO PESSOA,CSAP-EAD-JP,UA5-JP,CAMPUS JOÃO PESSOA,2
COORDENAÇÃO DE EXTENSÃO -  CAMPUS MONTEIRO,COEXT-MT,DDE-MT,CAMPUS MONTEIRO,1
COORDENAÇÃO DE ESPECIALIZAÇÃO - CAMPUS MONTEIRO,COESP-MT,DDE-MT,CAMPUS MONTEIRO,1
COORDENAÇÃO DO CURSO TÉCNICO EM MANUTENÇÃO E SUPORTE EM INFORMÁTICA - CAMPUS MONTEIRO,CTMSI-MT,DDE-MT,CAMPUS MONTEIRO,3
COORDENAÇÃO DO CURSO TÉCNICO EM INSTRUMENTO MUSICAL - CAMPUS MONTEIRO,CCTIM-MT,DDE-MT,CAMPUS MONTEIRO,9
COORDENAÇÃO DE ALMOXARIFADO E PATRIMÔNIO - CAMPUS CAMPINA GRANDE,CAP-CG,DAPF-CG,CAMPUS CAMPINA GRANDE,6
COORDENAÇÃO  PEDAGÓGICA DE APOIO AO ESTUDANTE - CAMPUS PRINCESA ISABEL,COPAE-PI,DDE-PI,CAMPUS PRINCESA ISABEL,9
CONSELHO DIRETOR - CAMPUS CAMPINA GRANDE,CD-CG,CAMPUS-CG,CAMPUS CAMPINA GRANDE,1
COORDENAÇÃO DE EAD-CAMPUS SOUSA,CEAD-SS,DDE-SS,CAMPUS SOUSA,2
COORDENAÇÃO DO CURSO TÉCNICO DE SECRETARIADO - CAMPUS JP,CCTS-JP,UA5-JP,CAMPUS JOÃO PESSOA,1
COORDENAÇÃO DO CURSO TÉCNICO EM MANUTENÇAO EM SUPORTE EM INFORMÁTICA - CAMPUS PICUÍ,CCTMSI-PC,DDE-PC,CAMPUS PICUÍ,1
COORDENAÇÃO DO CURSO TÉCNICO EM EDIFICAÇÕES - CAMPUS PICUÍ,CCTE-PC,DDE-PC,CAMPUS PICUÍ,4
DEPARTAMENTO DE EDUCAÇÃO PROFISSIONAL - CAMPUS SOUSA,DEP-SS,DDE-SS,CAMPUS SOUSA,21
COORDENAÇÃO DO CURSO TECNICO EM AGROPECUARIA-CAMPUS SOUSA,CCTAGRO-SS,DEP-SS,CAMPUS SOUSA,3
COORDENAÇÃO DO CURSO TÉCNICO EM MEIO AMBIENTE INTEGRADO AO MÉDIO - CAMPUS SOUSA,CCTMA-SS,DEP-SS,CAMPUS SOUSA,1
COORDENAÇÃO DO CURSO TECNICO EM AGROINDUSTRIA-CAMPUS SOUSA,CCTA-SS,DEP-SS,CAMPUS SOUSA,2
COORDENAÇÃO DO CURSO TÉCNICO EM INFORMÁTICA - CAMPUS SOUSA,CCTI-SS,DEP-SS,CAMPUS SOUSA,2
COORDENAÇÃO PROEJA-CAMPUS SOUSA,CPROEJA-SS,DEP-SS,CAMPUS SOUSA,2
COORDENAÇÃO DO CURSO SUPERIOR DE BACHARELADO EM ENGENHARIA CIVIL - CAMPUS CAJAZEIRAS,CBEC-CZ,UNIND-CZ,CAMPUS CAJAZEIRAS,2
NÚCLEO DE ATENDIMENTO AS PESSOAS COM NECESSIDADES ESPECÍFICAS - CAMPUS SOUSA,NAPNE-SS,DAE-SS,CAMPUS SOUSA,1
COMISSÃO PERMANENTE DE SINDICÂNCIA PROCESSOS ADMINISTRATIVOS DISCIPLINAR - REITORIA,COPSPAD-RE,COMISSOES-RE,REITORIA,3
Arquivo Setorial Gestão de Pessoas,ASGP-RE,DGEP-RE,REITORIA,1
"COORDENAÇÃO DOS NÚCLEOS DE APRENDIZAGEM, MONITORIA E TUTORIA - CAMPUS CAMPINA GRANDE",NAPMT-CG,DDE-CG,CAMPUS CAMPINA GRANDE,1
COORDENAÇÃO DO CURSO DE LICENCIATURA EM EDUCAÇÃO FÍSICA - CAMPUS SOUSA,CCLEF-SS,DES-SS,CAMPUS SOUSA,6
COORDENAÇÃO DO CURSO TÉCNICO EM CONTROLE AMBIENTAL-  CAMPUS PRINCESA ISABEL,CCTCA-PI,DDE-PI,CAMPUS PRINCESA ISABEL,9
DEPARTAMENTO DE TECNOLOGIA DA INFORMAÇÃO E COMUNICAÇÃO-CAMPUS SOUSA,DTIC-SS,DAP-SS,CAMPUS SOUSA,6
COORDENAÇÃO DE DESENVOLVIMENTO PROFISSIONAL - CAMPUS JOÃO PESSOA,CDPROF-JP,DGDP-JP,CAMPUS JOÃO PESSOA,3
COORDENAÇÃO DE PROMOÇÃO SOCIAL E QUALIDADE DE VIDA - CAMPUS JOÃO PESSOA,CPSQV-JP,DGDP-JP,CAMPUS JOÃO PESSOA,4
AUDITORIA  - CAMPUS CAJAZEIRAS,AUDITORIA-CZ,CAMPUS-CZ,CAMPUS CAJAZEIRAS,2
COORDENAÇÃO DO CURSO SUPERIOR DE TECNOLOGIA EM GESTÃO E COMÉRCIO - CAMPUS GUARABIRA,CSTGC-GB,DDE-GB,CAMPUS GUARABIRA,2
COORDENAÇÃO DO CURSO TÉCNICO EM CONTABILIDADE - CAMPUS GUARABIRA,COTCON-GB,DDE-GB,CAMPUS GUARABIRA,1
COORDENAÇÃO DO CURSO TÉCNICO EM INFORMÁTICA - CAMPUS GUARABIRA,COTINF-GB,DDE-GB,CAMPUS GUARABIRA,2
COORDENAÇÃO DO CURSO TÉCNICO INTEGRADO EM EDIFICAÇÕES - CAMPUS GUARABIRA,COEDIF-GB,DDE-GB,CAMPUS GUARABIRA,2
CAMPUS AVANÇADO PEDRAS DE FOGO,CPF-PF,REITORIA,REITORIA,9
COORDENAÇÃO DE EXTENSÃO - CAMPUS CAJAZEIRAS,CE-CZ,DG-CZ,CAMPUS CAJAZEIRAS,1
COORDENAÇÃO DE ALMOXARIFADO - CAMPUS CAJAZEIRAS,ALMOXARIFADO-CZ,DAPF-CZ,CAMPUS CAJAZEIRAS,1
COORDENAÇÃO DE DIÁRIAS E PASSAGENS - CAMPUS CAJAZEIRAS,SCDP-CZ,DAPF-CZ,CAMPUS CAJAZEIRAS,1
COORDENAÇÃO DE RECURSOS AUDIOVISUAIS - CAMPUS CAJAZEIRAS,CRA-CZ,DDE-CZ,CAMPUS CAJAZEIRAS,2
COORDENAÇÃO DO PROEJA - CAMPUS CAJAZEIRAS,PROEJA-CZ,DDE-CZ,CAMPUS CAJAZEIRAS,1
"DIRETORIA DE COMPRAS, CONTRATOS E LICITAÇÕES - REITORIA",DCCL-RE,PRAF-RE,REITORIA,8
DIRETORIA DE ORÇAMENTO - REITORIA,DOR-RE,PRAF-RE,REITORIA,5
COORDENAÇÃO DE FISCALIZAÇÃO DE CONTRATOS - REITORIA,CFC-RE,DCCL-RE,REITORIA,1
COORDENAÇÃO DE MATEMÁTICA E SUAS TECNOLOGIAS - UA04 - CAMPUS JOÃO PESSOA,CMT-JP,UA4-JP,CAMPUS JOÃO PESSOA,1
COORDENAÇÃO DO PROEJA - CAMPUS CABEDELO,PROEJA-CB,DDE-CB,CAMPUS CABEDELO,1
COORDENAÇÃO DE APOIO ACADÊMICO - CAMPUS CAMPINA GRANDE,CAA-CG,DDE-CG,CAMPUS CAMPINA GRANDE,4
POLO DE EDUCAÇÃO A DISTÂNCIA - CAMPUS  CAMPINA GRANDE,PEAD-CG,DDE-CG,CAMPUS CAMPINA GRANDE,1
COORDENAÇÃO DE ADMINISTRAÇÃO DE PESSOAL - CAMPUS JP ,CAP-JP,DGDP-JP,CAMPUS JOÃO PESSOA,4
DIRETORIA DE LEGISLAÇÃO E ADMINISTRAÇÃO DE PESSOAL - REITORIA,DLAP-RE,DGEP-RE,REITORIA,8
NÚCLEO DE APOIO ÀS PESSOAS COM NECESSIDADES ESPECIAIS - CAMPUS MONTEIRO,NAPNE-MT,DDE-MT,CAMPUS MONTEIRO,1
NÚCLEO DOCUMENTAÇÃO PESQUISA - REITORIA,NDPEP-RE,REITORIA,REITORIA,5
COORDENAÇÃO DE ASSUNTOS ESTUDANTIS - RE,CAEST-RE,PRAE-RE,REITORIA,2
COORDENAÇÃO DE DOCUMENTAÇÃO E ACOMPANHAMENTO DE EDITAIS DA PRE - REITORIA,CDAE-RE,PRE-RE,REITORIA,1
DIVISÃO DE PLANEJAMENTO E EXECUÇÃO DE AUDITORIA - REITORIA,AUDI-PE-RE,AUDI-GE-RE,REITORIA,6
COORDENAÇÃO DE TURNO - CAMPUS MONTEIRO,CT-MT,DDE-MT,CAMPUS MONTEIRO,3
DEPARTAMENTO DE ENSINO SUPERIOR  -CAMPUS CG,DES-CG,DDE-CG,CAMPUS CAMPINA GRANDE,1
DEPARTAMENTO DE ENSINO TÉCNICO - CAMPUS CG,DET-CG,DDE-CG,CAMPUS CAMPINA GRANDE,1
COORDENAÇÃO DE GOVERNANÇA E RELACIONAMENTO DE TI - REITORIA,CGOVTI-RE,DGTI-RE,REITORIA,1
COORDENAÇÃO DE SUPORTE TÉCNICO - REITORIA,CST-RE,DGTI-RE,REITORIA,4
COORDENAÇÃO DE PESQUISA - CAMPUS CAMPINA GRANDE,CP-CG,DDE-CG,CAMPUS CAMPINA GRANDE,1
COORDENAÇÃO DE ASSISTÊNCIA À SAÚDE - CAMPUS CG,CAS-CG,DG-CG,CAMPUS CAMPINA GRANDE,8
NÚCLEO DE ATENDIMENTO AS PESSOAS COM NECESSIDADES ESPECÍFICAS - CAMPUS CABEDELO,NAPNE-CB,DDE-CB,CAMPUS CABEDELO,2
COORDENAÇÃO DE EXTENSÃO - CAMPUS PICUÍ,COEXT-PC,DG-PC,CAMPUS PICUÍ,1
COORDENAÇÃO DE MATEMÁTICA E SUAS TECNOLOGIAS - CAMPUS CAMPINA GRANDE,CMT-CG,DDE-CG,CAMPUS CAMPINA GRANDE,14
COORDENAÇÃO DE CIÊNCIAS EXATAS E DA NATUREZA - CAMPUS CAMPINA GRANDE,CCEN-CG,DDE-CG,CAMPUS CAMPINA GRANDE,20
COORDENAÇÃO DE LINGUAGENS E CÓDIGOS - CAMPUS CAMPINA GRANDE ,CLC-CG,DDE-CG,CAMPUS CAMPINA GRANDE,14
COORDENAÇÃO DE EDUCAÇÃO FÍSICA E DESPORTOS - CAMPUS CAMPINA GRANDE,CEFD-CG,DDE-CG,CAMPUS CAMPINA GRANDE,5
COORDENAÇÃO DE CIÊNCIAS HUMANAS - CAMPUS CAMPINA GRANDE,CCH-CG,DDE-CG,CAMPUS CAMPINA GRANDE,15
COORDENAÇÃO DE EDUCAÇÃO À DISTANCIA  -  CAMPUS CABEDELO,CEAD-CB,DDE-CB,CAMPUS CABEDELO,1
 COORDENAÇÃO DE FORMAÇÃO GERAL E PROJETOS ESPECIAIS -  CAMPUS MONTEIRO,CFG-MT,DDE-MT,CAMPUS MONTEIRO,15
COORDENAÇÃO DE INOVAÇÃO - CAMPUS JOÃO PESSOA,CINOV-JP,DIPPED-JP,CAMPUS JOÃO PESSOA,1
COORDENAÇÃO DO NÚCLEO DE FORMAÇÃO GERAL - CAMPUS GUARABIRA,CNFG-GB,DDE-GB,CAMPUS GUARABIRA,2
DEPARTAMENTO DE BIBLIOTECAS - REITORIA,DBIBLIO-RE,PRE-RE,REITORIA,2
COORDENAÇÃO DO CURSO SUPERIOR EM LICENCIATURA EM COMPUTAÇÃO E INFORMÁTICA - CAMPUS CAJAZEIRAS,CLICCOMP-CZ,UNINFO-CZ,CAMPUS CAJAZEIRAS,1
COORDENAÇÃO DE PATRIMÔNIO E ALMOXARIFADO - CAMPUS PRINCESA ISABEL,CPA-PI,DAPF-PI,CAMPUS PRINCESA ISABEL,1
COORDENAÇÃO DE LABORATÓRIOS - CAMPUS PRINCESA ISABEL, COLAB-PI,DDE-PI,CAMPUS PRINCESA ISABEL,3
DIRETORIA DO CAMPUS AVANÇADO CABEDELO CENTRO - REITORIA,DCACC-RE,REITORIA,REITORIA,47
COORDENAÇÃO DE EXTENSÃO - CAMPUS PATOS,CE-PT,DG-PT ,CAMPUS PATOS,1
COORDENAÇÃO DE FORMAÇÃO GERAL E PROJETOS ESPECIAIS  - CAMPUS PATOS,CFGPE-PT,DDE-PT,CAMPUS PATOS,26
COORDENAÇÃO DE FORMAÇÃO GERAL E PROJETOS ESPECIAIS  - CAMPUS PICUÍ,CFGPE-PC,DDE-PC,CAMPUS PICUÍ,27
SECRETARIA PRO-REITORIA DE EXTENSAO-RE,SECEXT-RE,PROEXC-RE,REITORIA,1
COORDENAÇÃO GERAL DE ENSINO - CAMPUS PRINCESA ISABEL,CGE-PI,DDE-PI,CAMPUS PRINCESA ISABEL,1
COMISSÕES - REITORIA,COMISSOES-RE,REITORIA,REITORIA,4
DIRETORIA DO  CAMPUS AVANÇADO AREIA - REITORIA,DCAAREIA-RE,REITORIA,REITORIA,13
DEPARTAMENTO ARTICULAÇÃO PEDAGÓGICA - CAMPUS JOÃO PESSOA,DEPAP-JP,DDE-JP,CAMPUS JOÃO PESSOA,13
COORDENAÇÃO ADMINISTRATIVA CAMPUS AVANÇADO CABEDELO CENTRO-REITORIA,COADAV-RE,DCACC-RE,REITORIA,3
COORDENAÇÃO DE ENSINO CAMPUS AVANÇADO CABEDELO CENTRO - REITORIA,COEN-CC-RE,DCACC-RE,REITORIA,15
CAMPUS CABEDELO CENTRO,CAMPUS-CC,REITORIA,REITORIA,1
COORDENAÇÃO DO CURSO TÉCNICO EM GEOLOGIA - CAMPUS PICUÍ,CCTG-PC,DDE-PC,CAMPUS PICUÍ,3
COORDENAÇÃO DE CAPACITAÇÃO E QUALIFICAÇÃO - CAMPUS CG,COCAQ-CG,DG-CG,CAMPUS CAMPINA GRANDE,1
COORDENAÇÃO DE  ALMOXARIFADO PATRIMÔNIO - CAMPUS GUARABIRA,COALP-GB,DAPF-GB,CAMPUS GUARABIRA,1
PRO-REITORIA ASSUNTOS ESTUDANTIS - REITORIA,PRAE-RE,REITORIA,REITORIA,13
COORDENAÇÃO DO CURSO SUPERIOR DE LICENCIATURA EM CIÊNCIAS BIOLÓGICAS - CAMPUS CABEDELO,CSLCB-CB,DDE-CB,CAMPUS CABEDELO,10
COORDENAÇÃO DE TRANSFERÊNCIA DE TECNOLOGIA - REITORIA,CTT-RE,DIT-RE,REITORIA,1
COORDENAÇÃO DE  PÓS GRADUAÇÃO LATO SENSU - REITORIA,COPGLAT-RE,DPG-RE,REITORIA,1
COORDENAÇÃO PEDAGÓGICA DE APOIO AO ESTUDANTE - CAMPUS GUARABIRA,COPAE-GB,DDE-GB,CAMPUS GUARABIRA,2
Coordenacao de Logistica da PRAP-RE,COLOG-RE,DCML-RE,REITORIA,1
COORDENAÇÃO CURSO ENGENHARIA COMPUTACAO-CG,CCEC-CG,COAIN-CG,CAMPUS CAMPINA GRANDE,1
COORDENAÇÃO DE LICITAÇÕES - CAMPUS MONTEIRO,CL-MT,DAPF-MT,CAMPUS MONTEIRO,2
COORDENAÇÃO DE  ENSINO PROFISSIONAL MARITIMO - REITORIA,CEPM-CC-RE,DCACC-RE,REITORIA,3
DIRETORIA DE APOIO AOS ORGÃOS COLEGIADOS - REITORIA,DAAOC-RE,REITORIA,REITORIA,3
DIRETORIA GERAL COMUNICACAO MARKETING-RE,DGCOM-RE,REITORIA,REITORIA,9
"COORDENAÇÃO DE EXTENSÃO, CULTURA E DESAFIOS ACADÊMICOS - CAMPUS JOÃO PESSOA",CEXC-JP,DIPPED-JP,CAMPUS JOÃO PESSOA,3
COORDENAÇÃO DO CURSO TECNICO EM PESCA CAMPUS AVANÇADO CABEDELO CENTRO,CTPE-CC-RE,DCACC-RE,REITORIA,1
NÚCLEO ESPECIALIZADO EM LIBRAS - CAMPUS JOÃO PESSOA,NEL-JP,COAPNE-JP,CAMPUS JOÃO PESSOA,3
COORDENAÇÃO DE ACOLHIMENTO AO ESTUDANTE - CAMPUS JOÃO PESSOA,CAE-JP,DAEST-JP,CAMPUS JOÃO PESSOA,4
NÚCLEO DE ATENDIMENTO EDUCACIONAL ESPECIALIZADO - CAMPUS JOÃO PESSOA,NAEE-JP,COAPNE-JP,CAMPUS JOÃO PESSOA,1
COORDENAÇÃO DE PÓS-GRADUAÇÃO - CAMPUS PATOS,CPOG-PT,DDE-PT,CAMPUS PATOS,1
DIRETORIA GERAL - CAMPUS MANGABEIRA - REITORIA,DG-MB-RE,REITORIA,REITORIA,16
COORDENAÇÃO DE ENSINO - CAMPUS MANGABEIRA - REITORIA,CE-MB-RE,DG-MB-RE,REITORIA,13
COORDENAÇÃO DE CONTROLE ACADÊMICO - CAMPUS MANGABEIRA - REITORIA,CCA-MB-RE,CE-MB-RE,REITORIA,2
COORDENAÇÃO DO CURSO TÉCNICO EM CUIDADOS DE IDOSOS - CAMPUS MANGABEIRA - REITORIA,CCI-MB-RE,CE-MB-RE,REITORIA,6
COORDENAÇÃO DE ESTÁGIO - REITORIA,CEST-RE,PRE-RE,REITORIA,6
DIRETORIA DO CAMPUS AVANÇADO SOLEDADE - REITORIA,DCSOL-SD-RE,REITORIA,REITORIA,11
COORDENAÇÃO DE  ASSISTÊNCIA ESTUDANTIL - MT,CAEST-MT,DDE-MT,CAMPUS MONTEIRO,3
COORDENAÇÃO DE EXECUÇÃO ORÇAMENTÁRIA E FINANCEIRA - CAMPUS GUARABIRA,CEOF-GB,DAPF-GB,CAMPUS GUARABIRA,1
COORDENAÇÃO DO CURSO TÉCNICO INFORMÁTICA - CAMPUS PICUÍ,CCTI-PC,DDE-PC,CAMPUS PICUÍ,5
COORDENAÇÃO DE GESTÃO RECURSOS AMBIENTAIS SEMIÁRIDO - CAMPUS PICUÍ,CGRAS-PC,DDE-PC,CAMPUS PICUÍ,1
COORDENAÇÃO DO GABINETE MÉDICO ODONTOLÓGICO - CAMPUS CG,CGMO-CG ,DDE-CG,CAMPUS CAMPINA GRANDE,2
COORDENAÇÃO DO CURSO DE SERVICOS JURIDICOS DO CAMPUS AVANÇADO CABEDELO CENTRO,CSEJ-CC-RE,DCACC-RE,REITORIA,7
COORDENAÇÃO DE EXTENSÃO DO CAMPUS CABEDELO CENTRO,COEXT-CC-RE,DCACC-RE,REITORIA,2
COORDENAÇÃO DO CURSO TÉCNICO DE TRANSPORTE AQUAVIÁRIO DO CAMPUS CABEDELO CENTRO,TTAQ-CC,DCACC-RE,REITORIA,6
COORDENAÇÃO DO CURSO TÉCNICO EXPERIMENTAL EM NAÚTICA DO CAMPUS AVANÇADO CABEDELO CENTRO,CEXN-CC,DCACC-RE,REITORIA,1
EDITORA DO IFPB,EDIT-RE,PRPIPG-RE,REITORIA,3
COORD EDITORACAO GRAFICA-RE,COEG-RE,EDIT-RE,REITORIA,1
COORDENAÇÃO DE  ESTÁGIO - GUARABIRA,CE-GB,DDE-GB,CAMPUS GUARABIRA,2
COORDENAÇÃO DE COMPRAS E RELACIONAMENTO COM FORNECEDOR - SS,CCRF-SS,DS-SS,CAMPUS SOUSA,2
COORDENAÇÃO DE PÓS-GRADUAÇÃO E PESQUISA - CAMPUS JOÃO PESSOA,CPGPESQ-JP,DIPPED-JP,CAMPUS JOÃO PESSOA,1
COORD. SISTEMAS DE INFORMAÇÃO-COMPEC-RE,COSINF-RE,COMPEC-RE,REITORIA,1
Assessoria de Comunicação,ASCOM-CG,DG-CG,CAMPUS CAMPINA GRANDE,2
DEPARTAMENTO DE EDUCACAO SUPERIOR-SS,DES-SS,DDE-SS,CAMPUS SOUSA,37
COORDENAÇÃO DO HOSPITAL VETERINARIO-SS,CHV-SS,DES-SS,CAMPUS SOUSA,9
DIRETORIA DE EDUCAÇÃO FÍSICA E ESPORTES - REITORIA,DEFE-RE,PRAE-RE,REITORIA,1
COORDENAÇÃO DE PÓS-GRADUAÇÃO - CAMPUS JOÃO PESSOA,COPG-JP,DIPPED-JP,CAMPUS JOÃO PESSOA,2
DEPARTAMENTO DE GESTÃO E DESENVOLVIMENTO DE PESSOAS - CAMPUS SOUSA,DGDP-SS,DAP-SS,CAMPUS SOUSA,4
CAMPUS SANTA RITA,CAMPUS-SR,REITORIA,CAMPUS SANTA RITA,48
DIREÇÃO GERAL - CAMPUS SANTA RITA,DG-SR,CAMPUS-SR,CAMPUS SANTA RITA,48
DIRETORIA DE DESENVOLVIMENTO DO ENSINO DO CAMPUS SANTA RITA,DDE-SR,DG-SR,CAMPUS SANTA RITA,37
"DIRETORIA DE ADMINISTRÇÃO, PLANEJAMENTO E FINANÇAS DO CAMPUS SANTA RITA",DAPF-SR,DG-SR,CAMPUS SANTA RITA,7
COORDENAÇÃO DE PATRIMÔNIO E ARQUIVO - CAMPUS SANTA RITA,CPARQ-SR,DAPF-SR,CAMPUS SANTA RITA,1
COORDENAÇÃO CURSO INTEGRADO DE MEIO AMBIENTE - CAMPUS SANTA RITA,CINTMAM-SR,DDE-SR,CAMPUS SANTA RITA,2
COORDENAÇÃO DE CONTROLE ACADÊMICO - CAMPUS SANTA RITA,CCA-SR,DDE-SR,CAMPUS SANTA RITA,2
COORDENAÇÃO DE GESTÃO DE PESSOAS - CAMPUS SANTA RITA,CGP-SR,DAPF-SR,CAMPUS SANTA RITA,1
COORDENAÇÃO DE COMUNICACAO E TEC INFORMACAO - CAMPUS SANTA RITA,CCTIN-SR,DAPF-SR,CAMPUS SANTA RITA,2
CAMPUS ESPERANÇA,CAMPUS-ES,REITORIA,CAMPUS ESPERANÇA,47
DIREÇÃO GERAL - CAMPUS ESPERANÇA,DG-ES,CAMPUS-ES,CAMPUS ESPERANÇA,47
DIRETORIA DE DESENVOLVIMENTO E ENSINO - CAMPUS ESPERANÇA,DDE-ES,DG-ES,CAMPUS ESPERANÇA,32
"DIRETORIA DE ADMINISTRAÇÃO, PLANEJAMENTO E FINANÇAS - CAMPUS ESPERANÇA",DAPF-ES,DG-ES,CAMPUS ESPERANÇA,11
COORDENAÇÃO TÉCNICO INFORMÁTICA - CAMPUS ESPERANÇA,CTIN-ES,DDE-ES,CAMPUS ESPERANÇA,7
COORDENAÇÃO DE PATRIMÔNIO E ALMOXARIFADO - CAMPUS ESPERANÇA,CPAL-ES,DAPF-ES,CAMPUS ESPERANÇA,1
COORDENAÇÃO FORMAÇÃO GERAL - CAMPUS ESPERANÇA,CFOG-ES,DDE-ES,CAMPUS ESPERANÇA,11
COORDENADOR FINANCAS - CAMPUS ESPERANÇA,COF-ES,DAPF-ES,CAMPUS ESPERANÇA,1
COORDENAÇÃO DE GESTÃO DE PESSOAS - CAMPUS ESPERANÇA,CGP-ES,DG-ES,CAMPUS ESPERANÇA,1
COORDENAÇÃO PESQUISA EXTENSÃO - CAMPUS ESPERANÇA,CPEX-ES,DG-ES,CAMPUS ESPERANÇA,2
COORDENAÇÃO DO CURSO TÉCNICO EM INFORMÁTICA INTEGRADO AO MÉDIO - CAMPUS PATOS,CCIIEM-PT,DDE-PT,CAMPUS PATOS,2
DIRETORIA GERAL - CAMPUS ITABAIANA,DG-IB,CAMPUS-IB,CAMPUS ITABAIANA,49
DIRETORIA DE DESENVOLVIMENTO E ENSINO - CAMPUS ITABAIANA,DDE-IB,DG-IB,CAMPUS ITABAIANA,35
"DIRETORIA DE ADMINISTRAÇÃO, PLANEJAMENTO E FINANÇAS - CAMPUS ITABAIANA",DAPF-IB,DG-IB,CAMPUS ITABAIANA,8
CAMPUS ITABAIANA,CAMPUS-IB,REITORIA,CAMPUS ITABAIANA,49
"COORDENACAO DE ADMINISTRACAO, LOGISTICA E MANUTENCAO - CAMPUS ITABAIANA",CALM-IB,DAPF-IB,CAMPUS ITABAIANA,2
COORDENAÇÃO DO CURSO DE AUTOMAÇÃO INDUSTRIAL - CAMPUS ITABAIANA,CAI-IB,DDE-IB,CAMPUS ITABAIANA,10
DIRETORIA DE PLANEJAMENTO E GESTAO DAS POLITICAS ESTUDANTIS - REITORIA,DPGEST-RE,PRAE-RE,REITORIA,2
COORDENAÇÃO DO CURSO DE ELETROMECÂNICA - CAMPUS ITABAIANA,COELM-IB,DDE-IB,CAMPUS ITABAIANA,14
COORDENACAO PEDAGOGICA E ASSISTENCIA ESTUDANTIL - CAMPUS ITABAIANA,CPAE-IB,DDE-IB,CAMPUS ITABAIANA,2
CAMPUS CATOLÉ DO ROCHA,CAMPUS-CR,REITORIA,CAMPUS CATOLÉ DO ROCHA,45
DIRETORIA GERAL - CAMPUS CATOLÉ DO ROCHA,DG-CR,CAMPUS-CR,CAMPUS CATOLÉ DO ROCHA,45
DIRETORIA DE DESENVOLVIMENTO E ENSINO - CAMPUS CATOLÉ DO ROCHA,DDE-CR,DG-CR,CAMPUS CATOLÉ DO ROCHA,34
"DIRETORIA DE ADMINISTRAÇÃO, PLANEJAMENTO E FINANÇAS - CAMPUS CATOLÉ DO ROCHA",DAPF-CR,DG-CR,CAMPUS CATOLÉ DO ROCHA,10
COORDENAÇÃO DE COMPRAS E LICITAÇÃO - CATOLÉ DO ROCHA,CCL-CR,DAPF-CR,CAMPUS CATOLÉ DO ROCHA,1
COORDENAÇÃO DE CONTROLE ACADÊMICO - CATOLÉ DO ROCHA,CCA-CR,DDE-CR,CAMPUS CATOLÉ DO ROCHA,1
COORDENAÇÃO DE ORÇAMENTO E PLANEJAMENTO - CAMPUS CATOLÉ DO ROCHA,COPLAN-CR,DAPF-CR,CAMPUS CATOLÉ DO ROCHA,1
COORDENAÇÃO DE GESTÃO DE PESSOAS - CATOLÉ DO ROCHA,CGP-CR,DAPF-CR,CAMPUS CATOLÉ DO ROCHA,1
COORDENAÇÃO DO CURSO DE EDIFICAÇÕES - CATOLÉ DO ROCHA,COEDIF-CR,DDE-CR,CAMPUS CATOLÉ DO ROCHA,1
COORDENAÇÃO GESTORA SETORIAL SCDP - CATOLÉ DO ROCHA,COGSS-CR,DAPF-CR,CAMPUS CATOLÉ DO ROCHA,1
"COORDENAÇÃO DE PESQUISA, INOVAÇÃO E ESTÁGIO - CAMPUS CATOLÉ DO ROCHA",COPIE-CR,DDE-CR,CAMPUS CATOLÉ DO ROCHA,1
Coordenação do Curso Técnico em Química - Campus Cabedelo,CTQUIM-CB,DDE-CB,CAMPUS CABEDELO,9
Coordenação do Curso Técnico em Multimídia - Campus Cabedelo,CTMULT-CB,DDE-CB,CAMPUS CABEDELO,2
CAMPUS ITAPORANGA,CAMPUS-IP,REITORIA,CAMPUS ITAPORANGA,44
DIRETORIA GERAL - CAMPUS ITAPORANGA,DG-IP,CAMPUS-IP,CAMPUS ITAPORANGA,44
"DIRETORIA DE ADMINISTRAÇÃO, PLANEJAMENTO E FINANÇAS - CAMPUS ITAPORANGA",DAPF-IP,DG-IP,CAMPUS ITAPORANGA,7
DIRETORIA DE DESENVOLVIMENTO E ENSINO - CAMPUS ITAPORANGA,DDE-IP,DG-IP,CAMPUS ITAPORANGA,32
COORDENACAO DO CURSO TÉCNICO INTEGRADO EM EDIFICAÇÕES - CAMPUS ITAPORANGA,CCTE-IP,DDE-IP,CAMPUS ITAPORANGA,3
COORDENAÇÃO PEDAGÓGICA - CAMPUS  ITAPORANGA,COPED-IP,DDE-IP,CAMPUS ITAPORANGA,2
COORDENACAO DE PESQUISA E EXTENSAO - CAMPUS ITAPORANGA,CPEXITP-IP,DDE-IP,CAMPUS ITAPORANGA,1
COORDENAÇÃO DE DESENVOLVIMENTO E ENSINO - IP,CDDE-IP,DDE-IP,CAMPUS ITAPORANGA,9
COORDENACAO DE ALMOXARIFADO E PATRIMONIO - CAMPUS ITAPORANGA,COAP-IP,DAPF-IP,CAMPUS ITAPORANGA,2
CURSO TÉCNICO EM EDIFICAÇÕES DO CAMPUS MONTEIRO,CTEDIF-MT,DDE-MT,CAMPUS MONTEIRO,2
COORDENAÇÃO DE ÁREA DE INFORMÁTICA - CAMPUS CAMPINA GRANDE,COAIN-CG,DDE-CG,CAMPUS CAMPINA GRANDE,32
COORDENAÇÃO CURSO TÉCNICO INTEGRADO DE INFORMÁTICA - CAMPUS SANTA RITA,CINF-SR,DDE-SR,CAMPUS SANTA RITA,5
COORDENAÇÃO DE CONTROLE E EXPEDIÇÃO DE DIÁRIAS - CAMPUS ESPERANÇA,CCED-ES,DAPF-ES,CAMPUS ESPERANÇA,2
COORDENAÇÃO DE ESTÁGIO - CAMPUS ESPERANÇA,CE-ES,DDE-ES,CAMPUS ESPERANÇA,1
COORDENAÇÃO PEDAGÓGICA E DE APOIO AO ESTUDANTE - CAMPUS ESPERANÇA,COPAE-ES,DDE-ES,CAMPUS ESPERANÇA,4
COORDENAÇÃO CURSO TÉCNICO EM GUIA DE TURISMO - CAMPUS CABEDELO CENTRO,CTGT-CC,DCACC-RE,REITORIA,1
COORDENAÇÃO DE CONTROLE ACADÊMICO - CAMPUS ESPERANÇA,CCA-ES,DDE-ES,CAMPUS ESPERANÇA,1
GABINETE MÉDICO ODONTOLÓGICO - CAMPUS CABEDELO,GABMED-CB,DDE-CB,CAMPUS CABEDELO,2
GABINETE MÉDICO - CAMPUS PATOS,GABM-PT,DDE-PT,CAMPUS PATOS,2
COORDENAÇÃO EXECUTIVA DE LEGISLAÇÃO E ADMINISTRAÇÃO DE PESSOAL,CLAP-RE,DLAP-RE,REITORIA,3
COORDENAÇÃO DE LABORATÓRIOS - CAMPUS PATOS,COLAB-PT,DDE-PT,CAMPUS PATOS,10
COORDENAÇÃO COMPRAS LICITAÇÕES - CAMPUS PATOS,COLIC-PT,DAPF-PT,CAMPUS PATOS,3
Coordenação do Curso Tecnico Integrado em Edificações - Campus Campina Grande,CTIED-CG,DDE-CG,CAMPUS CAMPINA GRANDE,2
COORDENAÇÃO DE ASSISTÊNCIA ESTUDANTIL - CAMPUS CATOLÉ DO ROCHA,CAEST-CR,DDE-CR,CAMPUS CATOLÉ DO ROCHA,2
NAPNE - NÚCLEO DE ASSISTÊNCIA ÀS PESSOAS COM NECESSIDADES ESPECÍFICAS - CÂMPUS PATOS,NAPNE-PT,DDE-PT,CAMPUS PATOS,3
COORDENACAO PEDAGOGICA E ASSISTENCIA ESTUDANTIL - CAMPUS CABEDELO CENTRO,COPAE-CC-RE,DCACC-RE,REITORIA,4
COORDENAÇÃO DE GESTÃO DE PESSOAS - CAMPUS ITAPORANGA,CGP-IP,DG-IP,CAMPUS ITAPORANGA,1
COORDENAÇÃO DE PROTOCOLO - CAMPUS CATOLÉ DO ROCHA,PROTOCOLO-CR,DAPF-CR,CAMPUS CATOLÉ DO ROCHA,1
Coordenação do Curso Técnico em Transações Imobiliárias - Campus Cabedelo Centro,CCTTI-CC,DCACC-RE,REITORIA,2
Coordenação do Curso de Especialização em Gestão Ambiental de Municípios - Campus Princesa Isabel,CGAM-PI,DDE-PI,CAMPUS PRINCESA ISABEL,5
COORDENAÇÃO DE COMPETIÇÕES ACADÊMICAS - CAMPUS JOÃO PESSOA,COCA-JP,DIPPED-JP,CAMPUS JOÃO PESSOA,1
Mestrado Profissional em Educação Profissional e Tecnológica - Campus João Pessoa,PROFEPT-JP,UA4-JP,CAMPUS JOÃO PESSOA,1
COORDENACAO DE APOIO A SISTEMAS INFORMATIZADOS-RE,CASI-RE,DGTI-RE,REITORIA,4
COORDENAÇÃO DO CURSO TÉCNICO EM RESTAURANTE E BAR,CCTRB-AR,DCAAREIA-RE,REITORIA,2
COORDENAÇÃO DE COMPRAS E LICITAÇÕES - CAMPUS ESPERANÇA,CCL-ES,DAPF-ES,CAMPUS ESPERANÇA,2
COORD CURSO TÉC. INFORMÁTICA INTEGRADO AO ENSINO MÉDIO - CAMPUS JOÃO PESSOA,CCTI-JP,UA2-JP,CAMPUS JOÃO PESSOA,1
COORDENAÇÃO DE PLANEJAMENTO - CAMPUS JOÃO PESSOA,COPLAN-JP,DG-JP,CAMPUS JOÃO PESSOA,3
COMISSÃO DE ÉTICA NO USO DE ANIMAIS - CAMPUS SOUSA,CEUA-SS,DES-SS,CAMPUS SOUSA,2
COORDENACAO DE LICITAÇÃO DE BENS E SERVICOS - REITORIA,CLBS-RE,DCCL-RE,REITORIA,1
COORDENAÇÃO DE BIBLIOTECA - CAMPUS CATOLÉ DO ROCHA,BIBLIOTECA-CR,DDE-CR,CAMPUS CATOLÉ DO ROCHA,1
COORDENAÇÃO DE CONTROLE ACADÊMICO - CAMPUS CABEDELO CENTRO - REITORIA,CCA-CC-RE,COEN-CC-RE,REITORIA,2
COORD ASSUNTOS EDUCACIONAIS-RE,COAED-RE,DES-RE,REITORIA,1
COORDENAÇÃO DE TECNOLOGIA DA INFORMAÇÃO - CAMPUS ESPERANÇA,CTI-ES,DAPF-ES,CAMPUS ESPERANÇA,4
COORD APOIO LABORATORIOS INFORMATICA-CG,CALIN-CG,DDE-CG,CAMPUS CAMPINA GRANDE,4
COORDENAÇÃO DE ASSISTÊNCIA ESTUDANTIL - CAMPUS ITAPORANGA,CAEST-IP,DDE-IP,CAMPUS ITAPORANGA,2
NÚCLEO DE ATENDIMENTO ÀS PESSOAS COM NECESSIDADES EDUCACIONAIS ESPECÍFICAS - CAMPUS ITAPORANGA,NAPNE-IP,DDE-IP,CAMPUS ITAPORANGA,1
Diretoria de Cultura - Reitoria,DCULT-RE,PROEXC-RE,REITORIA,2
COORDENAÇÃO DOS CURSOS DE LICENCIATURA - REITORIA,CLI-RE,DES-RE,REITORIA,1
Coordenação de Extensão e Cultura - Campus Catolé do Rocha,CEXTCULT-CR,DDE-CR,CAMPUS CATOLÉ DO ROCHA,1
COOR. DO MESTRADO PROF. EM PROPRIEDADE INTELECTUAL E TRANSFERÊNCIA DE TECNOLOGIA PARA INOVACAO,CPROFNIT-CG,DDE-CG,CAMPUS CAMPINA GRANDE,2
COORD CURSO ESPECIALIZAÇÃO EM MATEMÁTICA,CCEM-CZ,CP-CZ,CAMPUS CAJAZEIRAS,2
COORDENAÇÃO DE EXECUÇÃO ORÇAMENTÁRIA E FINANCEIRA - CAMPUS ITAPORANGA,CEOF-IP,DAPF-IP,CAMPUS ITAPORANGA,2
NÚCLEO DE SISTEMAS ADMINISTRATIVOS,NSADM-RE,DGTI-RE,REITORIA,4
COORDENAÇÃO DE PROTOCOLO - CAMPUS ITAPORANGA,PROTOCOLO-IP,DAPF-IP,CAMPUS ITAPORANGA,1
COORDENAÇÃO DE PESQUISA E INOVAÇÃO TECNOLÓGICA - CAMPUS SANTA RITA,CPIT-SR,DG-SR,CAMPUS SANTA RITA,2
COORDENAÇÃO DE EXTENSÃO - CAMPUS SANTA RITA,COEXT-SR,DG-SR,CAMPUS SANTA RITA,1
COORDENAÇÃO DE APOIO AO ESTUDANTE - CAMPUS SANTA RITA,CAEST-SR,DDE-SR,CAMPUS SANTA RITA,2
COORDENAÇÃO PEDAGÓGICA - CAMPUS SANTA RITA,COPED-SR,DDE-SR,CAMPUS SANTA RITA,1
NÚCLEO DE ATEND. ÀS PESSOAS COM NECESSIDADES. EDUCAC. ESPECIAIS - CAMPUS SANTA RITA,NAPNE-SR,DDE-SR,CAMPUS SANTA RITA,3
COORDENAÇÃO DE PLANEJAMENTO - CAMPUS SOUSA,CPLAN-SS,DAP-SS,CAMPUS SOUSA,2
"NÚCLEO DE LÍNGUAS, CULTURA E ESTUDOS LINGUÍSTICOS - CAMPUS CG",NUCLI-CG,DG-CG,CAMPUS CAMPINA GRANDE,1
COORDENAÇÃO DE LICITAÇÃO DE OBRAS - REITORIA,CLO-RE,DCCL-RE,REITORIA,1
POLO DE INOVAÇÃO DO IFPB - REITORIA,POLOIFPB-RE,REITORIA,REITORIA,4
COORDENACAO DE PESQUISA E INOVACAO - CAMPUS ITABAIANA,COPI-IB,DG-IB,CAMPUS ITABAIANA,1
COORDENACAO DE EXTENSAO E CULTURA - CAMPUS ITABAIANA,CEXC-IB,DG-IB,CAMPUS ITABAIANA,1
GABINETE MÉDICO - CAMPUS GUARABIRA,GABMED-GB,COPAE-GB,CAMPUS GUARABIRA,1
COORDENACAO DE GESTAO DE PESSOAS E CHEFIA DE GABINETE - CAMPUS ITABAIANA,CGP-IB,DG-IB,CAMPUS ITABAIANA,1
COORDENAÇÃO DE AÇÕES INCLUSIVAS-RE,CAI-RE,PRAE-RE,REITORIA,2
CONTRATOS - CAMPUS GUARABIRA,CONTRATOS-GB,DAPF-GB,CAMPUS GUARABIRA,1
NAPNE - NUCLEO DE ATENDIMENTO AS PESSOAS COM NECESSIDADES EDUC. ESPECÍFICAS - CAMPUS ITABAIANA,NAPNE-IB,CPAE-IB,CAMPUS ITABAIANA,2
NUCLEO LING CULTURA E EST LINGUISTICOS - CAMPUS CABEDELO,NUCLI-CB,DG-CB,CAMPUS CABEDELO,1
NUCLEO DE ASSUNTOS INTERNACIONAIS - CAMPUS CABEDELO,NAI-CB,DG-CB,CAMPUS CABEDELO,1
Assessoria Especial para Inovação e Empreendedorismo-RE,ASSESPIEMP-RE,GAB-RE,REITORIA,1
COORDENAÇÃO DE EXECUÇÃO FINANCEIRA - CAMPUS CATOLÉ DO ROCHA,CEFIN-CR,DAPF-CR,CAMPUS CATOLÉ DO ROCHA,1
COORDENAÇÃO DE PATRIMÔNIO E LOGÍSTICA - CAMPUS CATOLÉ DO ROCHA,CPL-CR,DAPF-CR,CAMPUS CATOLÉ DO ROCHA,1
COORDENACAO GERAL DE ENSINO,CGE-CR,DDE-CR,CAMPUS CATOLÉ DO ROCHA,1
COORD CURSO SUPERIOR DE BACHARELADO EM ENGENHARIA MECÂNICA - CAMPUS JP,CCSBEM-JP,UA3-JP,CAMPUS JOÃO PESSOA,1
COORDENAÇÃO DE AUDIOVISUAL E MULTIMEIOS - CAMPUS JOÃO PESSOA,CAUDIOM-JP,CGDG-JP,CAMPUS JOÃO PESSOA,6
COORD. CURSO TÉCNICO SEGURANÇA NO TRABALHO - CAMPUS PATOS,CTST-PT,DDE-PT,CAMPUS PATOS,3
NÚCLEO DE TECNOLOGIA DA INFORMAÇÃO - CAMPUS ITABAIANA,NTI-IB,DG-IB,CAMPUS ITABAIANA,1
NÚCLEO DE BIBLIOTECA - CAMPUS ITABAIANA,NB-IB,DDE-IB,CAMPUS ITABAIANA,1
NÚCLEO DE ALMOXARIFADO E PATRIMÔNIO - CAMPUS ITABAIANA,NAP-IB,DAPF-IB,CAMPUS ITABAIANA,1
COORD PROGRAMA PÓS-GRADUAÇÃO TECNOL INFORMAÇÃO - CAMPUS JOÃO PESSOA,CPPGTI-JP,UA2-JP,CAMPUS JOÃO PESSOA,2
COORDENAÇÃO DE CONTABILIDADE - REITORIA,CCONT-RE,DFIN-RE,REITORIA,6
COORDENACAO DE LICENCIATURA EM MATEMÁTICA - CAMPUS JOÃO PESSOA,CLM-JP,UA4-JP,CAMPUS JOÃO PESSOA,1
COORD ACOMP FINANC ASSIS ESTUDANTIL-RE,CAFAE-RE,PRAE-RE,REITORIA,1
"NÚCLEO DE LÍNGUAS, CULTURA E ESTUDOS LINGUÍSTICOS - CAMPUS JOÃO PESSOA",NUCLI-JP,DG-JP,CAMPUS JOÃO PESSOA,1
COORDENAÇÃO DO NÚCLEO DE ASSUNTOS INTERNACIONAIS - CAMPUS JOÃO PESSOA,CNAI-JP,DG-JP,CAMPUS JOÃO PESSOA,1
DIRETORIA TECNOLÓGICA DO POLO DE INOVAÇÃO JOÃO PESSOA,DTECPO-RE,POLOIFPB-RE,REITORIA,2
COORDENAÇÃO DE INFRAESTRUTURA DO POLO DE INOVAÇÃO JOÃO PESSOA,INFPIJP-RE,DTECPO-RE,REITORIA,1
COORDENAÇÃO DE FORMAÇÃO GERAL CAMPUS AVANÇADO CABEDELO CENTRO - REITORIA,COFOG-CC-RE,COEN-CC-RE,REITORIA,1
COORDENAÇÃO DE CONTRATOS ADMINISTRATIVOS - CAMPUS PATOS,CCAD-PT,DAPF-PT,CAMPUS PATOS,1
CURSO SUPERIOR DE BACHARELADO EM ENGENHARIA DE CONTROLE E AUTOMAÇÃO - CAMPUS CAJAZEIRAS,CSBECA-CZ,UNIND-CZ,CAMPUS CAJAZEIRAS,1
CURSO DE BACHARELADO EM ENGENHARIA CIVIL  - CAMPUS JOÃO PESSOA,CBEC-JP,UA1-JP,CAMPUS JOÃO PESSOA,2
COORDENAÇÃO DO CURSO DE ESPECIALIZAÇÃO EM ENSINO DE MATEMÁTICA - CAMPUS CAMPINA GRANDE,CCEM-CG,DDE-CG,CAMPUS CAMPINA GRANDE,1
NÚCLEO DE ESTÁGIO E RELAÇÕES EMPRESARIAIS - CAMPUS ITABAIANA,NEST-IB,DDE-IB,CAMPUS ITABAIANA,1
COORD ANALISE CONFORM DOCUMENTAL-RE,COADOC-RE,DFIN-RE,REITORIA,1
COORD. EXECUCAO FOLHA PAGAMENTO-RE,COEXFOP-RE,DFIN-RE,REITORIA,1
Coordenação de Execução Financeira,CEF-RE,DFIN-RE,REITORIA,1
PROGRAMA DE PÓS-GRADUAÇÃO EM ENSINO DE LÍNGUA PORTUGUESA 2a LINGUA PARA SURDOS - CAMPUS JOÃO PESSOA,PPGELPS-JP,COPG-JP,CAMPUS JOÃO PESSOA,1
PÓS-GRADUAÇÃO DE LÍNGUAS ESTRANGEIRAS MODERNAS - CAMPUS CABEDELO,PGLEM-CB,DDE-CB,CAMPUS CABEDELO,1
NÚCLEO DE FORMAÇÃO GERAL - CAMPUS SANTA RITA,NFG-SR,DDE-SR,CAMPUS SANTA RITA,12
COORDENAÇÃO DO CURSO SUPERIOR DE LICENCIATURA EM CIÊNCIAS BIOLÓGICAS - CAMPUS PRINCESA ISABEL,CCSLCB-PI,DDE-PI,CAMPUS PRINCESA ISABEL,8
COORDENAÇÃO DE COMPRAS E LICITAÇÕES - CAMPUS CABEDELO,CCL-CB,DAPF-CB,CAMPUS CABEDELO,2
COORDENAÇÃO DE CONTRATOS - CAMPUS CABEDELO,CC-CB,DAPF-CB,CAMPUS CABEDELO,1
"DEPARTAMENTO DE LOGISTACA, OBRAS E MANUTENÇÃO-CAMPUS SOUSA",DLOM-SS,DAP-SS,CAMPUS SOUSA,4
COORDENAÇÃO DE SEGURANÇA E TRANSPORTE-CAMPUS SOUSA,CST-SS,DLOM-SS,CAMPUS SOUSA,3
DEPARTAMENTO DE SUPRIMENTOS-CAMPUS SOUSA,DS-SS,DAP-SS,CAMPUS SOUSA,5
COMUNICAÇÃO SOCIAL-CAMPUS SOUSA,COMS-SS,GAB-SS,CAMPUS SOUSA,3
"Comitê de Governança, Integridade, Riscos e Controle - REITORIA",CGIRC-RE,COMISSOES-RE,REITORIA,1
COORDENAÇÃO DE ALIMENTAÇÃO E NUTRIÇÃO-CAMPUS SOUSA,CAN-SS,DAE-SS,CAMPUS SOUSA,2
COORDENAÇÃO BIBLIOTECA-CAMPUS SOUSA,COOBI-SS,DAE-SS,CAMPUS SOUSA,1
COORDENAÇÃO DE PAGAMENTO E ADMINISTRAÇÃO DE PESSOAS-CAMPUS SOUSA,CPAP-SS,DGDP-SS,CAMPUS SOUSA,1
COORDENAÇÃO DE CONTRATOS E CONVENIOS-CAMPUS SOUSA,CCCONV-SS,DS-SS,CAMPUS SOUSA,1
COORDENAÇÃO DE PÓS GRADUAÇÃO-CAMPUS SOUSA,CPG-SS,DES-SS,CAMPUS SOUSA,1
COORDENAÇÃO DE EXTENSÃO-CAMPUS SOUSA,COOEXT-SS,DPPE-SS,CAMPUS SOUSA,1
COORDENAÇÃO DE PESQUISA-CAMPUS SOUSA,COOPESQ-SS,DPPE-SS,CAMPUS SOUSA,1
COORDENAÇÃO DE PRODUÇÃO-CAMPUS SOUSA,COOPROD-SS,DPPE-SS,CAMPUS SOUSA,1
SECRETARIA DA DIREÇÃO-CAMPUS SOUSA,SD-SS,GAB-SS,CAMPUS SOUSA,1
CENTRO VOCACIONAL TECNOLOGICO-CAMPUS SOUSA,CVT-SS,DG-SS,CAMPUS SOUSA,1
COORDENAÇÃO DA AGROINDUSTRIA,CAGRO-SS,DPPE-SS,CAMPUS SOUSA,7
COORDENAÇÃO DO CURSO SUPERIOR DE BACHARELADO EM ENGENHARIA CIVIL - CAMPUS PATOS,CBEC-PT,DDE-PT,CAMPUS PATOS,5
NÚCLEO DE PESQUISA EM ENSINO DE FÍSICA - CAMPUS JOÃO PESSOA,NPEF-JP,CACN-JP,CAMPUS JOÃO PESSOA,1
NÚCLEO DE ATENDIMENTO AS PESSOAS COM NECESSIDADES ESPECÍFICAS - CAMPUS GUARABIRA,NAPNE-GB,DDE-GB,CAMPUS GUARABIRA,1
COORDENAÇÃO DE COMPRAS E LICITAÇÕES - CAMPUS JOÃO PESSOA,CCL-JP,DLOG-JP,CAMPUS JOÃO PESSOA,3
COORDENAÇÃO DE MATERIAIS E RECURSOS PATRIMONIAIS - CAMPUS JOÃO PESSOA,CMRP-JP,DOF-JP ,CAMPUS JOÃO PESSOA,2
COORDENAÇÃO DE GESTÃO DOCUMENTAL - CAMPUS JOÃO PESSOA,CGD-JP,DAA-JP ,CAMPUS JOÃO PESSOA,1
COORDENAÇÃO DE EXECUÇÃO ORÇAMENTARIA - CAMPUS JOÃO PESSOA,CEO-JP,DOF-JP ,CAMPUS JOÃO PESSOA,2
COORDENACAO DE CONTROLE ACADEMICO E APOIO AO ENSINO - CAMPUS ITABAIANA,CCAAE-IB,DDE-IB,CAMPUS ITABAIANA,1
COORDENAÇÃO DO CURSO SUPERIOR DE TECNOLOGIA EM SISTEMAS PARA INTERNET - CAMPUS GUARABIRA,CCSTSI-GB,DDE-GB,CAMPUS GUARABIRA,1
COORDENAÇÃO DE ALMOXARIFADO E PATRIMÔNIO - CAMPUS CABEDELO,CAP-CB,DAPF-CB,CAMPUS CABEDELO,1
COORDENAÇÃO DE EXECUÇÃO ORÇAMENTÁRIA E FINANCEIRA - CAMPUS ITABAIANA,CEOF-IB,DAPF-IB,CAMPUS ITABAIANA,2
NÚCLEO DE ASSISTÊNCIA ESTUDANTIL - CAMPUS ITABAIANA,NAE-IB,DDE-IB,CAMPUS ITABAIANA,1
NÚCLEO PEDAGÓGICO - CAMPUS ITABAIANA,NPED-IB,DDE-IB,CAMPUS ITABAIANA,2
COORDENAÇÃO DO CURSO TÉCNICO EM ADMINISTRAÇÃO - CAMPUS AREIA,CCTA-AR,DCAAREIA-RE,REITORIA,1
COORDENAÇÃO DE CONTROLE ACADÊMICO - CAMPUS AREIA,CCA-AR,DCAAREIA-RE,REITORIA,1
COORDENAÇÃO DE ALMOXARIFADO - CAMPUS CATOLÉ DO ROCHA,C_ALMOX-CR,DAPF-CR,CAMPUS CATOLÉ DO ROCHA,1
COORDENAÇÃO DE PESQUISA E INOVAÇÃO - CAMPUS GUARABIRA,CPINOV-GB,DG-GB,CAMPUS GUARABIRA,1
COORDENAÇÃO DO CURSO DE ESPECIALIZAÇÃO DE MEDICINA VETERINÁRIA - CAMPUS SOUSA,CCEMV-SS,CPG-SS,CAMPUS SOUSA,1
Gabinete Médico - Campus Esperança,GABMED-ES,DDE-ES,CAMPUS ESPERANÇA,2
Coordenação Técnico em Sistemas de Energia Renovável - ES,CTSER-ES,DDE-ES,CAMPUS ESPERANÇA,4
CONFORMIDADE DE GESTÃO - CAMPUS CAMPINA GRANDE,CONF-GEST-CG,DAPF-CG,CAMPUS CAMPINA GRANDE,1
COORDENAÇÃO DE ESTÁGIOS E RELAÇÕES INSTITUCIONAIS - CAMPUS CATOLÉ DO ROCHA,CERI-CR,DDE-CR,CAMPUS CATOLÉ DO ROCHA,1
COORDENAÇÃO DO POLO DE EDUCAÇÃO À DISTÂNCIA - CAMPUS JOÃO PESSOA,CEAD-JP,DDE-JP,CAMPUS JOÃO PESSOA,1
SETOR MÉDICO - CAMPUS SOUSA,MED-SS,DAE-SS,CAMPUS SOUSA,1
Gabinete Médico - Campus Princesa Isabel,GABMED-PI,DDE-PI,CAMPUS PRINCESA ISABEL,1
COORDENAÇÃO DE PESQUISA - CAMPUS AREIA,COPESQ-AR,DCAAREIA-RE,REITORIA,1
CAMPUS SANTA LUZIA,CAMPUS-SL,REITORIA,CAMPUS SANTA LUZIA,27
DIREÇÃO GERAL DO CAMPUS SANTA LUZIA,DG-SL,CAMPUS-SL,CAMPUS SANTA LUZIA,27
"DIRETORIA DE ADMINISTRAÇÃO, PLANEJAMENTO E FINANÇAS - CAMPUS SANTA LUZIA",DAPF-SL,DG-SL,CAMPUS SANTA LUZIA,5
DIRETORIA DO DESENVOLVIMENTO DO ENSINO - CAMPUS SANTA LUZIA,DDE-SL,DG-SL,CAMPUS SANTA LUZIA,20
COORDENACAO DE ESTAGIO - CAMPUS SANTA LUZIA,CE-SL,DDE-SL,CAMPUS SANTA LUZIA,1
"COORDENACAO DE PESQUISA, EXTENSAO E INOVACAO - CAMPUS SANTA LUZIA",COPEX-SL,DDE-SL,CAMPUS SANTA LUZIA,1
COORD. CURSO TECNICO SUBSEQUENTE DE ENERG. RENOVAVEL - CAMPUS SANTA LUZIA,CCTSER-SL,DDE-SL,CAMPUS SANTA LUZIA,2
COORDENACAO DO CURSO DE INFORMATICA - CAMPUS SANTA LUZIA,COINF-SL,DDE-SL,CAMPUS SANTA LUZIA,10
COORDENACAO PEDAGOGICA E DE APOIO AO ESTUDANTE - CAMPUS SANTA LUZIA,COPAE-SL,DDE-SL,CAMPUS SANTA LUZIA,3
COMISSAO ELEITORAL DO CONSELHO DIRETOR - CAMPUS MONTEIRO,CECD-MT,CAMPUS-MT,CAMPUS MONTEIRO,1
COORDENACAO DE FINANCAS-SL,CF-SL,DAPF-SL,CAMPUS SANTA LUZIA,1
NUCLEO DE DESAFIOS ACADEMICOS-JP,NDA-JP,DIPPED-JP,CAMPUS JOÃO PESSOA,1
